,Date,Title,Cost GBP
0,2021-09-21, Shark S900 Dual Special Edition - Matt Black ,129.99
1,2021-09-21, Scorpion Exo-1400 Air Carbon - Black ,249.97
2,2021-09-21, Caberg Duke II - Matt Black ,118.98
3,2021-09-21, Caberg Duke II - Hi Vision Yellow ,142.49
4,2021-09-21, Roof Boxer V8 - Full Matt Black ,209.98
5,2021-09-21, Shoei NXR - Matt Black ,309.94
6,2021-09-21, AGV K5-S - Mono Matt Black ,251.99
7,2021-09-21, Nolan N21 Visor - Classic Flat Black ,129.99
8,2021-09-21, Shoei NXR - Gloss White ,303.99
9,2021-09-21, Arai Tour X4 - Diamond White ,499.99
10,2021-09-21, Nolan N87 N-Com - Classic Metal White ,179.98
11,2021-09-21, AGV K1 - Gloss Black ,116.99
12,2021-09-21, Scorpion ADX-1 - Matt Black ,174.14
13,2021-09-21, Bell Custom 500 DLX - Roland Sands Design Check It ,189.99
14,2021-09-21, Schuberth C3 Pro - Matt Black ,359.99
15,2021-09-21, Shoei Neotec - Matt Black ,399.99
16,2021-09-21, AGV K5-S - Union Jack ,269.99
17,2021-09-21, X-Lite X-803 Ultra Carbon Puro - Gloss Black Carbon ,399.99
18,2021-09-21, MDS G240 - Gloss White ,59.99
19,2021-09-21, Nolan N87 N-Com - Classic Flat Black ,189.99
20,2021-09-21, Shoei Neotec 2 - Blue Metallic ,549.99
21,2021-09-21, Nolan N21 Visor - Classic Metal White ,129.99
22,2021-09-21, AGV RP60 - Matt Black ,79.99
23,2021-09-21, Shark Ridill 1.2 - Blank Black ,89.99
24,2021-09-21, Arai Tour X4 - Diamond Black ,499.99
25,2021-09-21, Shoei GT Air 2 - Affair TC-6 ,549.99
26,2021-09-21, Scorpion Exo Belfast - Matt Black ,104.99
27,2021-09-21, Schuberth C4 Pro - Gloss White ,349.98
28,2021-09-21, HJC I90 - Hollen Red / White / Blue ,188.98
29,2021-09-21, Schuberth C3 Pro - Gravity Blue ,374.99
30,2021-09-21, Schuberth C4 Pro Carbon - Tempest White ,449.99
31,2021-09-21, AGV K1 - Guy Martin Replica ,161.99
32,2021-09-21, AGV K5-S - Mono Gloss Black ,251.99
33,2021-09-21, AGV K1 - Soleluna 2015 ,161.99
34,2021-09-21, Shoei X-Spirit 3 - Matt Black ,599.99
35,2021-09-21, Bell Custom 500 DLX - Solid Matt Black ,179.99
36,2021-09-21, Shoei Neotec 2 - Anthracite ,549.99
37,2021-09-21, Arai Tour X4 - Frost Black ,499.99
38,2021-09-21, Spada Raze Kromatik - Matt White / Black ,59.46
39,2021-09-21, Spada Raze Royalty - Red / White / Blue ,59.46
40,2021-09-21, Shoei J-O - Matt Black ,299.99
41,2021-09-21, Arai Tour X4 - Vision Grey ,579.99
42,2021-09-21, Caberg Freeride - Matt Black ,127.08
43,2021-09-21, Spada Reveal - Gloss Black ,63.99
44,2021-09-21, Nolan N100-5 N-Com - Classic Metal White ,299.99
45,2021-09-21, Arai RX-7V - Solid Diamond Black ,669.99
46,2021-09-21, Caberg Tourmax - Marathon Black / Fluo Yellow ,191.99
47,2021-09-21, Schuberth C3 Pro - Split White ,349.99
48,2021-09-21, Shoei GT Air 2 - Affair TC-1 ,549.99
49,2021-09-21, Shark Spartan Carbon - Skin White / Silver ,305.99
50,2021-09-21, LS2 Pioneer - Trigger Black / Hi-Viz Yellow ,79.99
51,2021-09-21, AGV Legends X3000 - Mono White ,199.99
52,2021-09-21, Roof Boxxer Carbon - Uni Matt Black ,339.95
53,2021-09-21, Arai RX-7V - Solid Diamond White ,669.99
54,2021-09-21, Shoei GT Air 2 - Matt Black ,469.99
55,2021-09-21, AGV K1 - Dreamtime ,161.99
56,2021-09-21, Shoei Neotec 2 - Matt Black ,549.99
57,2021-09-21, Icon Airflite - Battlescar 2 Military Green ,257.99
58,2021-09-21, Shark Spartan Carbon - Skin Black / Anthracite ,259.98
59,2021-09-21, LS2 Strobe - Solid Matt Titanium ,79.99
60,2021-09-21, AGV K1 - Gloss White ,125.99
61,2021-09-21, Shark Evo-One 2 - Lithion Dual Black / Anthracite ,299.99
62,2021-09-21, Shoei Neotec 2 - Black ,519.99
63,2021-09-21, Shoei J-O - Hawker TC-5 ,349.99
64,2021-09-21, Nexx X.WED 2 - Plain White ,349.99
65,2021-09-21, Spada Raze Kromatik - Black / Grey ,59.46
66,2021-09-21, Shoei GT Air 2 - White ,449.99
67,2021-09-21, HJC R-PHA 11 - Cal Crutchlow Replica ,324.98
68,2021-09-21, Shoei Neotec 2 - Wine Red ,549.99
69,2021-09-21, Nolan N40-5 N-Com - Classic Metal White ,169.99
70,2021-09-21, Nolan N70-2 X - Grandes Alpes Black / White / Blue / Red ,289.99
71,2021-09-21, Shoei Neotec 2 - Splicer TC-2 ,599.99
72,2021-09-21, Shoei GT Air 2 - Deviation TC-9 ,549.99
73,2021-09-21, Nolan N40-5 GT N-Com - Classic Flat Black ,199.99
74,2021-09-21, HJC C70 - Canex Green ,89.99
75,2021-09-21, Bell SRT - Predator Copper / Black ,99.99
76,2021-09-21, AGV K3 SV-S - Mono Matt Black ,170.99
77,2021-09-21, Shoei NXR - Ruts TC6 ,349.99
78,2021-09-21, Shoei GT Air 2 - Black ,449.99
79,2021-09-21, Shark D-Skwal 2 - Blank Matt Black ,134.85
80,2021-09-21, Shoei NXR - Equate TC-10 ,369.99
81,2021-09-21, LS2 Valiant - Solid Matt Titanium ,199.99
82,2021-09-21, Icon Airflite - Skull 18 Black ,249.99
83,2021-09-21, Nexx X.WED 2 - Plain Matt Black ,314.99
84,2021-09-21, MT Thunder 3 SV - One Black / White ,89.99
85,2021-09-21, Shoei Neotec 2 - Splicer TC-8 ,599.99
86,2021-09-21, Schuberth C3 Pro - Gloss Silver ,359.99
87,2021-09-21, LS2 Valiant - Solid Gloss White ,219.99
88,2021-09-21, Arai Tour X4 - Break Blue ,579.99
89,2021-09-21, Spada Raze - Matt Black ,50.96
90,2021-09-21, Scorpion Exo Combat Evo - Matt Black ,169.99
91,2021-09-21, HJC C70 - Matt Black ,139.99
92,2021-09-21, Arai RX-7V Replica - Rea Green ,789.99
93,2021-09-21, HJC R-PHA 11 - Marvel Venom 2 ,449.98
94,2021-09-21, HJC R-PHA 70 - Shuky Yellow ,279.99
95,2021-09-21, X-Lite X-803 Ultra Carbon Puro Sport - Red ,429.99
96,2021-09-21, X-Lite X-803 Ultra Carbon RS Hot Lap - Carbon ,489.99
97,2021-09-21, Bell Custom 500 Standard - Vintage White ,99.99
98,2021-09-21, Bell Moto 3 - Classic Matt / Gloss Blackout ,249.99
99,2021-09-21, Arai Tour X4 - Break Orange ,579.99
100,2021-09-21, Icon Airflite - Blockchain Green ,257.99
101,2021-09-21, AGV Corsa-R Replica - Sic58 ,429.98
102,2021-09-21, Roof Boxxer Carbon - Uni Black ,339.94
103,2021-09-21, Shoei GT Air 2 - Haste TC-4 ,549.99
104,2021-09-21, HJC C70 - Koro Yellow ,127.99
105,2021-09-21, MT Le Mans 2 SV - Skull & Roses Black / Red ,59.99
106,2021-09-21, Spada Intrepid - Pearl White ,76.45
107,2021-09-21, Arai Tour X4 - Cover UK ,579.99
108,2021-09-21, MT Targo - Doppler Matt Black / Fluo Yellow ,44.99
109,2021-09-21, Nexx X.R2 Carbon - Black / White ,299.99
110,2021-09-21, Shoei Neotec 2 - Light Silver ,549.99
111,2021-09-21, Scorpion EXO 490 - Divina Black Chameleon ,139.99
112,2021-09-21, Shoei J-O - Gloss Black ,299.99
113,2021-09-21, Caberg Duke II - Super Legend Red / White ,155.98
114,2021-09-21, HJC R-PHA 11 - Carbon Black ,449.99
115,2021-09-21, Shoei NXR - Variable TC-1 ,369.99
116,2021-09-21, Shark Skwal 2.2 - Venger Black / Yellow ,185.99
117,2021-09-21, Bell Star DLX Mips - Lux Checkers Matt / Gloss Black / White ,449.99
118,2021-09-21, Nolan N100-5 N-Com - Consistency LED Yellow ,329.99
119,2021-09-21, Scorpion Exo-Tech - Pulse Black / Red ,199.99
120,2021-09-21, Shoei Hornet ADV - Gloss Black ,382.48
121,2021-09-21, AGV K5-S - Tempest Black / Silver ,269.99
122,2021-09-21, HJC R-PHA 90S - White ,335.98
123,2021-09-21, MT Storm SV - Solid Matt Titanium ,99.99
124,2021-09-21, Shark Evo ES - Blank Matt Black ,251.99
125,2021-09-21, Caberg Duke II - Super Legend Italia ,155.98
126,2021-09-21, Shoei Neotec 2 - Splicer TC-5 ,599.99
127,2021-09-21, LS2 Rapid - Boho White / Black / Pink ,59.99
128,2021-09-21, HJC CS-15 - Plain Gloss Black ,89.99
129,2021-09-21, Shoei GT Air 2 - Ogre TC-1 ,549.99
130,2021-09-21, AGV Legends X3000 - Mono Matt Black ,204.99
131,2021-09-21, LS2 Rapid Mini - Crazy Pop White / Pink ,59.99
132,2021-09-21, Bell Scout Air - Gloss Black ,134.99
133,2021-09-21, AGV Corsa-R - Mono Matt Black ,539.99
134,2021-09-21, Schuberth C4 Basic - Gloss White ,299.99
135,2021-09-21, Arai RX-7V Replica - Pedrosa Spirit Gold ,789.99
136,2021-09-21, Caberg Uptown - Matt Black ,91.99
137,2021-09-21, Shoei X-Spirit 3 - Gloss Black ,599.99
138,2021-09-21, HJC I90 - Davan Black ,209.99
139,2021-09-21, Arai Debut - Blast Yellow ,399.99
140,2021-09-21, Shoei Glamster - Off White ,399.99
141,2021-09-21, AGV K6 - Matt Black ,323.99
142,2021-09-21, Shoei Ex-Zero - Off White ,359.99
143,2021-09-21, LS2 Rapid Mini - Solid White ,49.99
144,2021-09-21, Arai Tour X4 - Cover White ,579.99
145,2021-09-21, Nolan N70-2 GT - Classic Metal White ,229.99
146,2021-09-21, Shoei X-Spirit 3 - Power Rush TC-8 ,699.99
147,2021-09-21, LS2 Valiant - Solid Matt Black ,219.99
148,2021-09-21, Arai Tour X4 - Cover Multi Sport ,579.99
149,2021-09-21, Klim Krios Pro - Arsenal Grey ,540.00
150,2021-09-21, Arai Debut - Gunmetal Frost ,299.99
151,2021-09-21, AGV AX8 Dual Evo - Earth White / Black / Red ,247.49
152,2021-09-21, Shark D-Skwal 2 - Blank Black ,134.99
153,2021-09-21, Caberg Duke II - Super Legend Matt Black / Yellow ,155.99
154,2021-09-21, HJC C70 - Koro Red / White / Blue ,159.99
155,2021-09-21, Arai Debut - Legend St George ,399.99
156,2021-09-21, Caberg Uptown - Gloss White ,91.99
157,2021-09-21, HJC CS-15 - Tarex Gold / Silver ,99.99
158,2021-09-21, Shark Skwal 2 - Blank White ,179.99
159,2021-09-21, Bell Bullitt DLX - Stripes Pearl White ,389.99
160,2021-09-21, Shoei X-Spirit 3 - De Angelis ,499.99
161,2021-09-21, Nexx X.WED 2 - Plain Matt Desert ,314.99
162,2021-09-21, Nolan N40-5 N-Com - Classic Flat Black ,169.99
163,2021-09-21, Caberg Horus - Scout White / Red / Blue ,187.99
164,2021-09-21, Shark Spartan 1.2 - Blank Matt Black ,251.99
165,2021-09-21, Roof Boxxer 9 - Fuzo Matt Black / Orange ,310.47
166,2021-09-21, Arai RX-7V Replica - Pedrosa Spirit Blue ,789.99
167,2021-09-21, Shoei X-Spirit 3 - Gloss White ,449.95
168,2021-09-21, Schuberth C4 Pro Women - Gloss White ,374.99
169,2021-09-21, Bell SRT - Assassin White / Blue / Black ,99.99
170,2021-09-21, MT Targo - Dagger Matt Black / Grey ,79.99
171,2021-09-21, Bell Bullitt Special Edition - Barracuda ,299.99
172,2021-09-21, HJC R-PHA 90S Carbon ,499.99
173,2021-09-21, AGV K5-S - Tempest Black / Red ,269.99
174,2021-09-21, Nolan N100-5 Plus N-Com - Overland Flat Lava Grey / Yellow ,349.99
175,2021-09-21, Caberg Levo - Matt Blue ,255.99
176,2021-09-21, HJC I90 - Pearl White ,189.99
177,2021-09-21, Caberg Horus - Scout Matt Black / Yellow ,187.99
178,2021-09-21, Icon Airflite - Rubatone Matt Black ,204.99
179,2021-09-21, Bell Moto 3 - Classic White ,249.99
180,2021-09-21, Shark Ridill 1.2 - Mecca Black / Red / Silver ,125.99
181,2021-09-21, Shoei GT Air 2 - Insignia TC-5 ,439.15
182,2021-09-21, LS2 Stream Evo - Solid White ,89.99
183,2021-09-21, HJC F70 - Feron Red ,279.99
184,2021-09-21, Caberg Riviera V3 - Gloss White ,67.99
185,2021-09-21, AGV Legends X3000 - Mono Black ,209.99
186,2021-09-21, HJC R-PHA 70 - Carbon Black ,449.99
187,2021-09-21, Arai Rapide - Number Blue ,529.99
188,2021-09-21, HJC I90 - Davan White ,209.99
189,2021-09-21, HJC I90 - Davan Pink ,209.99
190,2021-09-21, Arai Debut - Blaze Black / White ,399.99
191,2021-09-21, Dexter Cronos Carbon - Gloss Carbon ,179.99
192,2021-09-21, LS2 Rapid Mini - Solid Matt Black ,49.99
193,2021-09-21, Shark Spartan 1.2 - Antheon White / Silver / Black ,269.99
194,2021-09-21, Shark Evo ES - Yari Matt Anthracite / Blue / Silver ,278.99
195,2021-09-21, HJC R-PHA 11 - Nectus Red / White / Blue ,379.99
196,2021-09-21, AGV Compact-ST - Detroit White / Black ,206.99
197,2021-09-21, AGV K1 - Warmup Black / Pink ,143.99
198,2021-09-21, Shark Skwal 2.2 - Noxxys Black / Blue / Green ,206.99
199,2021-09-21, HJC I90 - Davan Red ,209.99
200,2021-09-21, AGV K6 - Secret Black / White ,359.99
201,2021-09-21, Scorpion Exo-1400 Air Carbon - Beaux White / Neon Yellow ,329.99
202,2021-09-21, Nexx X.R2 Carbon - Dark Division Black ,299.99
203,2021-09-21, Caberg Riviera V3 - Sway Matt Gun / Fluo Red ,79.99
204,2021-09-21, Shark Spartan 1.2 - Antheon Matt Anthracite / Yellow / Black ,231.99
205,2021-09-21, Shark Evo ES - Endless Matt Orange / Black ,278.99
206,2021-09-21, AGV AX9 - Trail Gunmetal / Orange ,359.99
207,2021-09-21, AGV Compact-ST - Detroit Yellow Fluo / Black ,206.99
208,2021-09-21, LS2 Challenger - Solid White ,249.99
209,2021-09-21, Scorpion Exo Belfast - Luxe Gloss White ,119.99
210,2021-09-21, Bell Custom 500 DLX - Vintage White ,179.99
211,2021-09-21, Arai RX-7V Race FIM - Sign Grey ,849.99
212,2021-09-21, Arai Rapide - White ,449.99
213,2021-09-21, Icon Airflite - Uncle Dave ,191.99
214,2021-09-21, AGV Corsa-R - Miller 2018 ,489.99
215,2021-09-21, AGV Corsa-R - Mono Gloss Black ,419.98
216,2021-09-21, HJC FG-70S - Vintage Matt Brown ,127.99
217,2021-09-21, Arai RX-7V - HRC Honda ,789.99
218,2021-09-21, HJC R-PHA 11 - Pearl White ,349.99
219,2021-09-21, Shark Race R Pro - Blank Gloss White ,348.29
220,2021-09-21, Nexx SX.60 - Cruise 2 Matt Black ,134.99
221,2021-09-21, Spada Edge Chaser - White / Black ,50.96
222,2021-09-21, AGV RP60 - Cafe Racer Gloss White ,89.99
223,2021-09-21, Spada SP17 - Matt Black ,76.45
224,2021-09-21, Arai Debut - Podium Union Jack Flag ,399.99
225,2021-09-21, Scorpion Exo-Tech - Trap Matt Black / Red / White ,289.99
226,2021-09-21, Scorpion Exo Combat Evo - Samurai ,179.99
227,2021-09-21, LS2 Valiant 2 - Stelar Black / Blue ,269.99
228,2021-09-21, Arai RX-7V Replica - Nakagami GP2 ,789.99
229,2021-09-21, HJC R-PHA 70 - Kroon Red ,379.99
230,2021-09-21, HJC C91 - Taly Pink ,159.99
231,2021-09-21, X-Lite X-1005 Ultra Carbon Dyad N-Com - Carbon ,459.99
232,2021-09-21, Nolan N70-2 X - Bungee Metal White / Black / Red ,299.99
233,2021-09-21, Nolan N100-5 Plus N-Com - Overland Metal White / Blue / Red ,349.99
234,2021-09-21, Schuberth E1 - Tuareg Red ,529.99
235,2021-09-21, HJC R-PHA 90S - Bekavo Red ,469.99
236,2021-09-21, Shark Skwal 2.2 - Hallder Black / White / Anthracite ,206.99
237,2021-09-21, Shark Spartan 1.2 - Blank Red ,242.99
238,2021-09-21, Spada Open Face Classic - Matt Black ,42.47
239,2021-09-21, Spada Open Face Classic - White ,42.47
240,2021-09-21, Icon Airform - Chantilly Opal Purple ,188.99
241,2021-09-21, Icon Airflite - El Centro Black / Gold ,249.99
242,2021-09-21, HJC R-PHA 11 - DC Comics Superman ,519.99
243,2021-09-21, X-Lite X-803 Ultra Carbon RS Hot Lap - Carbon / Red ,395.77
244,2021-09-21, LS2 Valiant 2 - Orbit Matt Blue ,269.99
245,2021-09-21, LS2 Pioneer Evo - Evolve White / Matt Black ,119.99
246,2021-09-21, LS2 Pioneer Evo - Matt Black ,99.99
247,2021-09-21, Shoei J-Cruise 2 - Aglero TC-1 ,519.99
248,2021-09-21, Arai RX-7V - CBR Blue ,789.99
249,2021-09-21, Bell Qualifier DLX Mips - Torque Matt Black / Red ,229.99
250,2021-09-21, Schuberth C4 Basic - Matt Black ,299.99
251,2021-09-21, Premier Monza - U9 Matt Black ,135.99
252,2021-09-21, Icon Alliance GT - DC18 Glory ,135.99
253,2021-09-21, Icon Alliance - Overlord Fluo Yellow / Black ,118.00
254,2021-09-21, Grex G9.1 Evolve - Kinetic N-Com Metal White ,149.99
255,2021-09-21, Shark Race R Pro Carbon - Zarco Gold / White / Black ,389.99
256,2021-09-21, MT KRe SV - Momentum Matt Black / Titanium / Intense Red ,169.99
257,2021-09-21, Shark Skwal - Cargo White / Black / Silver ,159.99
258,2021-09-21, Scorpion EXO 390 - Beat Matt Black / Pink ,89.99
259,2021-09-21, HJC C90 - Matt Black ,89.99
260,2021-09-21, Scorpion EXO 390 - Matt Black ,79.99
261,2021-09-21, HJC CLY - Taze Red ,99.99
262,2021-09-21, HJC C70 - Koro Blue ,159.99
263,2021-09-21, Spada Intrepid Delta - Matt Black / White ,84.94
264,2021-09-21, Bell Broozer - Solid Black ,199.99
265,2021-09-21, LS2 Stream Evo - Axis Blue / White ,69.99
266,2021-09-21, LS2 Stream Evo - Solid Black ,89.99
267,2021-09-21, LS2 Stream Evo - Solid Matt Black ,89.99
268,2021-09-21, Shark Skwal 2.2 - Venger Black / Pearl / Black ,206.99
269,2021-09-21, Arai Profile V - Diamond White ,379.99
270,2021-09-21, AGV RP60 - Blackboard ,69.99
271,2021-09-21, Shark Ridill 1.2 - Mecca White / Black / Red ,125.99
272,2021-09-21, Bell Scout Air - Check Matt Black / White ,99.99
273,2021-09-21, Caberg Droid - Hi Vision Yellow ,183.99
274,2021-09-21, Arai Rapide - Ha Yellow ,529.99
275,2021-09-21, Nolan N87 N-Com - Originality Black / Red / Grey ,199.99
276,2021-09-21, MT Rapide - Bad Clown Black / White / Red ,119.99
277,2021-09-21, MT Blade 2 SV - Fugue Blue / Fluo Yellow ,89.99
278,2021-09-21, LS2 Strobe - Solid Matt Black ,79.99
279,2021-09-21, HJC R-PHA 70 - Artan Carbon Fluo Yellow ,499.99
280,2021-09-21, AGV K3 SV-S - Pop Matt White / Black / Red ,179.99
281,2021-09-21, Arai Rapide - Black ,449.99
282,2021-09-21, Arai Rapide - Modern Grey ,449.99
283,2021-09-21, HJC i70 - Eluma Pink ,179.99
284,2021-09-21, Shark Ridill 1.2 - Mecca Black / Anthracite / Silver ,125.99
285,2021-09-21, AGV Pista GP-RR - Matt Carbon ,788.99
286,2021-09-21, Simpson Darksome Solid - White ,199.98
287,2021-09-21, MT Blade 2 SV - Fugue White / Grey ,129.99
288,2021-09-21, Klim Krios - Gloss Karbon Black ,380.00
289,2021-09-21, Nolan N87 Plus N-Com - Distinctive Flat Black / Red ,172.49
290,2021-09-21, Shark Skwal 2.2 - Noxxys Matt Black / Orange / Silver ,191.11
291,2021-09-21, Shoei NXR - Philosopher TC-2 ,369.99
292,2021-09-21, Shoei NXR - Harmonic TC-10 ,349.99
293,2021-09-21, Nexx X.R2 Carbon - Zero Black ,299.99
294,2021-09-21, Nexx SX.60 - Jazzy Matt Black ,129.99
295,2021-09-21, Shark Skwal 2 - Blank Black ,179.99
296,2021-09-21, AGV AX9 - Matt Carbon ,422.99
297,2021-09-21, Bell Qualifier DLX Mips - Gloss Black ,229.99
298,2021-09-21, Nexx X.G100 - Purist Matt Black ,259.99
299,2021-09-21, AGV Legends X70 - Mono White ,134.99
300,2021-09-21, HJC F70 - Black ,249.99
301,2021-09-21, Schuberth C4 Pro Women - Matt Black ,374.99
302,2021-09-21, Schuberth C4 Pro - Magnitudo Yellow ,427.49
303,2021-09-21, Bell Race Star DLX Flex - Roland Sand Design The Zone Matt / Gloss White / Candy Red ,369.98
304,2021-09-21, Bell Qualifier DLX Mips - Torque Matt Black / Orange ,229.99
305,2021-09-21, Bell SRT - Vestige Gloss White / Black ,99.99
306,2021-09-21, MT Avenue SV - Sideway Matt Blue / Red / White ,79.99
307,2021-09-21, MT Thunder 3 SV - Vlinder Matt Grey ,89.99
308,2021-09-21, MT Thunder 3 SV - Ray White / Green ,109.99
309,2021-09-21, Nexx X.G10 - Carbon SV Black ,299.99
310,2021-09-21, LS2 Xtra - Solid Matt Carbon ,209.99
311,2021-09-21, LS2 Verso - Spin White / Black ,83.99
312,2021-09-21, Schuberth S2 Sport - Redux Yellow ,374.99
313,2021-09-21, Shark Street Drak Blank - Matt Green ,179.99
314,2021-09-21, Shark Ridill 1.2 - Drift-R Matt Black / Anthracite / Silver ,125.99
315,2021-09-21, Arai Urban V - Frost Black ,349.99
316,2021-09-21, Vozz RS 1.0 - Silver ,399.99
317,2021-09-21, Nexx SX.60 - Eagle Rider Matt Black / Silver ,129.99
318,2021-09-21, Nexx X.70 - Groovy Titanium / Camel ,219.99
319,2021-09-21, Nexx X.70 - Groovy Matt Black / Camel ,219.99
320,2021-09-21, Nexx X.G100 Racer - Motordrome Titanium / Yellow ,299.99
321,2021-09-21, MT Thunder 3 SV Jet - Wing White / Red ,69.99
322,2021-09-21, MT Rapide - Overtake Matt Black / Fluo Yellow ,89.99
323,2021-09-21, MT Kre - Lookout Pearl White / Blue / Yellow ,99.99
324,2021-09-21, Nolan N60-5 - Gemini Replica Davies Metal Black ,118.99
325,2021-09-21, Duchinni D388 - Vintage Rust ,85.00
326,2021-09-21, Duchinni D405 - Colt Black / Neon Yellow ,89.99
327,2021-09-21, Shark Race R Pro Carbon - Lorenzo Shark Monster ,359.99
328,2021-09-21, Arai RX-7V Replica - Mamola Edge White ,629.99
329,2021-09-21, X-Lite X-1004 Elegance N-Com - Metal White ,239.98
330,2021-09-21, Icon Airframe Pro - Rubatone ,266.99
331,2021-09-21, Duchinni D605 - White ,97.99
332,2021-09-21, Shoei RJ Platinum R - Gloss Light Silver ,179.99
333,2021-09-21, Shark Citycruiser - Blank White ,134.85
334,2021-09-21, Shark Citycruiser - Blank Black ,134.85
335,2021-09-21, HJC R-PHA 70 - Artan Carbon Red ,499.99
336,2021-09-21, HJC I40 - Semi Flat Pearl White ,99.99
337,2021-09-21, Caberg Flyon - Bakari Matt Gun / Black ,171.99
338,2021-09-21, Spada Hellion Twist - Fluo Yellow ,59.46
339,2021-09-21, Spada Hellion - Matt Bright Blue ,50.96
340,2021-09-21, Caberg Freeride - Matt Green ,131.99
341,2021-09-21, HJC R-PHA 11 - Nectus Blue Fluo ,379.99
342,2021-09-21, AGV Legends X70 - Power Speed Matt Black ,179.99
343,2021-09-21, Icon Variant Pro - Construct White ,239.99
344,2021-09-21, Icon Variant Pro - Ascension Red ,210.74
345,2021-09-21, Bell Qualifier DLX Mips - Devil May Care Grey ,229.99
346,2021-09-21, Bell Qualifier DLX Mips - Breadwinner Black / White ,229.99
347,2021-09-21, Icon Airform - Gloss Black ,106.99
348,2021-09-21, Shoei NXR - Transcend TC-10 ,369.99
349,2021-09-21, MT Le Mans 2 SV - Flames Black / Silver ,69.99
350,2021-09-21, Premier MX Carbon - NX Black / Gold ,369.95
351,2021-09-21, Premier Trophy Carbon - T9 Carbon / Black ,349.95
352,2021-09-21, AGV Pista GP-R Soleluna 2018 ,899.99
353,2021-09-21, Shark Street Drak Blank - Black ,179.99
354,2021-09-21, Arai Renegade - Fury Silver ,349.99
355,2021-09-21, Shark Spartan Carbon - Guintoli Replica Black / Blue / Yellow ,327.99
356,2021-09-21, Roof Boxxer 9 - Mono White ,287.97
357,2021-09-21, Bell Eliminator Carbon Matt Black ,524.99
358,2021-09-21, Roof Boxxer Absolute Carbon - Black ,445.45
359,2021-09-21, Dexter Marty - Fifty Niner Yellow ,89.99
360,2021-09-21, Nexx X.G100 - Southsider Burgundy ,187.49
361,2021-09-21, Nexx X.G100 Racer - Motordrome Blue ,224.99
362,2021-09-21, Shark Drak - Neon Matt Fluo Red / Black ,224.99
363,2021-09-21, Icon Alliance - Oro Boros Black ,128.99
364,2021-09-21, AGV Pista GP-R Replica - Iannone 2017 ,749.99
365,2021-09-21, Schuberth E1 - Rival Grey ,449.99
366,2021-09-21, Held Travel Champ II - Black / Blue ,92.24
367,2021-09-21, Grex G9.1 Evolve Couple N-Com - Fuchsia Kiss ,129.99
368,2021-09-21, Grex G9.1 Evolve - Couple N-Com Flat Silver ,159.99
369,2021-09-21, Shark S Drak - Freestyle Cup Carbon / Gold ,277.04
370,2021-09-21, Shark Race R Pro Carbon - Guintoli Black Carbon / Blue / Yellow ,584.99
371,2021-09-21, Bell Moto 9 Mips - Tagger Yellow / Blue / White ,263.99
372,2021-09-21, X-Lite X-661 Honeycomb N-Com - Flat Black / White ,229.99
373,2021-09-21, Shark Skwal - Warhen Matt Black / Blue ,172.49
374,2021-09-21, Arai Freeway Classic - Bandage Bronze ,249.99
375,2021-09-21, Icon Variant - Gloss White ,222.99
376,2021-09-21, Shark Race R Pro - Cintas Black / Anthracite / Red ,299.99
377,2021-09-21, AGV RP60 - Bonneville Gladiator ,104.99
378,2021-09-21, Shark RSJ ST Starry - White / Red / Green ,140.99
379,2021-09-21, Caberg Duke II - Metal White ,131.98
380,2021-09-21, Duchinni D501 - Matt Black ,48.00
381,2021-09-21, MDS M13 - Matt Black ,79.99
382,2021-09-21, Caberg Tourmax - Gloss White ,163.98
383,2021-09-21, MT Flux - Solid Gloss Black ,69.99
384,2021-09-21, Caberg Duke II - Smart Black ,111.99
385,2021-09-21, Caberg Tourmax - Matt Black ,157.24
386,2021-09-21, Duchinni D501 - White ,59.99
387,2021-09-21, Caberg Duke II - Matt Blue ,135.98
388,2021-09-21, LS2 Strobe - Solid White ,79.99
389,2021-09-21, MDS MD200 - Gloss White ,119.99
390,2021-09-21, Shoei NXR - Gloss Black ,303.99
391,2021-09-21, Schuberth C3 Pro - Gloss White ,322.94
392,2021-09-21, Bell Qualifier DLX - Solid White ,119.99
393,2021-09-21, Duchinni D501 - Black ,59.99
394,2021-09-21, Caberg Droid - Matt Black ,163.98
395,2021-09-21, Spada Reveal - White ,63.99
396,2021-09-21, Scorpion ADX-1 - Pearl White ,154.99
397,2021-09-21, Shark Openline - Prime Gloss White ,143.99
398,2021-09-21, Bell Custom 500 Standard - Solid Matt Black ,99.99
399,2021-09-21, Shoei Neotec 2 - Splicer TC-6 ,599.99
400,2021-09-21, Bell MX-9 Adventure Mips - Torch White / Blue / Yellow ,129.99
401,2021-09-21, Bell Qualifier DLX Mips - Accelerator Red / Black ,119.99
402,2021-09-21, Shark Ridill 1.2 - Blank White ,89.99
403,2021-09-21, MT Stinger - Solid Matt Black ,59.99
404,2021-09-21, Shoei Hornet ADV - Gloss White ,382.48
405,2021-09-21, AGV K1 - Matt Black ,125.99
406,2021-09-21, Shark Spartan Carbon - Skin Black / Red ,290.09
407,2021-09-21, AGV Compact-ST - Mono Matt Black ,179.99
408,2021-09-21, Nolan N100-5 N-Com - Consistency Corsa Red ,329.99
409,2021-09-21, Caberg Duke II - Matt Gun Metal ,135.99
410,2021-09-21, Caberg Droid - Iron ,179.99
411,2021-09-21, AGV K5-S - Mono Pearl White ,251.99
412,2021-09-21, Simpson Venom Solid - Matt Black ,223.98
413,2021-09-21, Spada Reveal - Matt Black ,63.99
414,2021-09-21, Arai Debut - Diamond White ,329.99
415,2021-09-21, Bell Scout Air - Matt Black ,122.11
416,2021-09-21, Bell Qualifier DLX - Hi-Vis ,119.99
417,2021-09-21, Nolan N40-5 GT N-Com - Classic Metal White ,199.99
418,2021-09-21, Schuberth C3 Pro - Echo Green ,399.99
419,2021-09-21, AGV K5-S - Tornado Black / Fluo Yellow ,269.99
