,Date,Title,Cost GBP,Brand
0,2021-09-24,Shark S900 Dual Special Edition - Matt Black,129.99,Shark
1,2021-09-24,Scorpion Exo-1400 Air Carbon - Black,249.97,Scorpion
2,2021-09-24,Caberg Duke II - Matt Black,118.98,Caberg
3,2021-09-24,Caberg Duke II - Hi Vision Yellow,142.49,Caberg
4,2021-09-24,Roof Boxer V8 - Full Matt Black,209.98,Roof
5,2021-09-24,Shoei NXR - Matt Black,309.94,Shoei
6,2021-09-24,AGV K5-S - Mono Matt Black,251.99,AGV
7,2021-09-24,HJC CS-15 Marvel - Spiderman Homecoming,74.99,HJC
8,2021-09-24,Nolan N21 Visor - Classic Flat Black,129.99,Nolan
9,2021-09-24,Shoei NXR - Gloss White,303.99,Shoei
10,2021-09-24,Arai Tour X4 - Diamond White,499.99,Arai
11,2021-09-24,Nolan N87 N-Com - Classic Metal White,179.98,Nolan
12,2021-09-24,AGV K1 - Gloss Black,116.99,AGV
13,2021-09-24,Bell Custom 500 DLX - Roland Sands Design Check It,189.99,Bell
14,2021-09-24,Scorpion ADX-1 - Matt Black,174.14,Scorpion
15,2021-09-24,Schuberth C3 Pro - Matt Black,359.99,Schuberth
16,2021-09-24,Shoei Neotec - Matt Black,399.99,Shoei
17,2021-09-24,AGV K5-S - Union Jack,269.99,AGV
18,2021-09-24,X-Lite X-803 Ultra Carbon - Puro Gloss Black Carbon,399.99,X-Lite
19,2021-09-24,MDS G240 - Gloss White,59.99,MDS
20,2021-09-24,Nolan N87 N-Com - Classic Flat Black,189.99,Nolan
21,2021-09-24,Shoei Neotec 2 - Blue Metallic,549.99,Shoei
22,2021-09-24,Scorpion EXO 490 - Matt Black,95.99,Scorpion
23,2021-09-24,Nolan N21 Visor - Classic Metal White,129.99,Nolan
24,2021-09-24,Shark Ridill 1.2 - Blank Black,88.23,Shark
25,2021-09-24,AGV RP60 - Matt Black,79.99,AGV
26,2021-09-24,Arai Tour X4 - Diamond Black,499.99,Arai
27,2021-09-24,Shoei GT Air 2 - Affair TC-6,549.99,Shoei
28,2021-09-24,Scorpion Exo Belfast - Matt Black,104.99,Scorpion
29,2021-09-24,Schuberth C4 Pro - Gloss White,349.98,Schuberth
30,2021-09-24,HJC I90 - Hollen Red / White / Blue,188.98,HJC
31,2021-09-24,AGV K5-S - Mono Gloss Black,251.99,AGV
32,2021-09-24,Schuberth C3 Pro - Gravity Blue,374.99,Schuberth
33,2021-09-24,Schuberth C4 Pro Carbon - Tempest White,449.99,Schuberth
34,2021-09-24,Arai Tour X4 - Vision Grey,579.99,Arai
35,2021-09-24,AGV K1 - Guy Martin Replica,161.99,AGV
36,2021-09-24,AGV K1 - Soleluna 2015,161.99,AGV
37,2021-09-24,Shoei X-Spirit 3 - Matt Black,599.99,Shoei
38,2021-09-24,Bell Custom 500 DLX - Solid Matt Black,179.99,Bell
39,2021-09-24,Shoei Neotec 2 - Anthracite,549.99,Shoei
40,2021-09-24,Arai Tour X4 - Frost Black,499.99,Arai
41,2021-09-24,Arai RX-7V - Solid Diamond Black,669.99,Arai
42,2021-09-24,Spada Raze - Kromatik Matt White / Black,59.46,Spada
43,2021-09-24,Spada Raze - Royalty Red / White / Blue,59.46,Spada
44,2021-09-24,Shoei J-O - Matt Black,299.99,Shoei
45,2021-09-24,Caberg Freeride - Matt Black,127.08,Caberg
46,2021-09-24,Spada Reveal - Gloss Black,63.99,Spada
47,2021-09-24,Nolan N100-5 N-Com - Classic Metal White,299.99,Nolan
48,2021-09-24,Caberg Tourmax - Marathon Black / Fluo Yellow,191.99,Caberg
49,2021-09-24,Schuberth C3 Pro - Split White,349.99,Schuberth
50,2021-09-24,Shoei GT Air 2 - Affair TC-1,549.99,Shoei
51,2021-09-24,Nexx X.WED 2 - Plain White,349.99,Nexx
52,2021-09-24,Shark Spartan Carbon - Skin White / Silver,299.99,Shark
53,2021-09-24,LS2 Pioneer - Trigger Black / Hi-Viz Yellow,79.99,LS2
54,2021-09-24,AGV Legends X3000 - Mono White,199.99,AGV
55,2021-09-24,Roof Boxxer Carbon - Uni Matt Black,339.95,Roof
56,2021-09-24,Arai RX-7V - Solid Diamond White,669.99,Arai
57,2021-09-24,Shoei GT Air 2 - Matt Black,469.99,Shoei
58,2021-09-24,AGV K1 - Dreamtime,161.99,MT
59,2021-09-24,Shoei Neotec 2 - Matt Black,549.99,Shoei
60,2021-09-24,Icon Airflite - Battlescar 2 Military Green,257.99,Icon
61,2021-09-24,Shark Spartan Carbon - Skin Black / Anthracite,259.98,Shark
62,2021-09-24,LS2 Strobe - Solid Matt Titanium,79.99,LS2
63,2021-09-24,Shoei GT Air 2 - White,449.99,Shoei
64,2021-09-24,AGV K1 - Gloss White,125.99,AGV
65,2021-09-24,Shoei Neotec 2 - Black,519.99,Shoei
66,2021-09-24,Shoei J-O - Hawker TC-5,349.99,Shoei
67,2021-09-24,Nexx X.WED 2 - Plain Matt Black,314.99,Nexx
68,2021-09-24,Shoei Neotec 2 - Wine Red,549.99,Shoei
69,2021-09-24,Shoei GT Air 2 - Deviation TC-9,549.99,Shoei
70,2021-09-24,HJC R-PHA 11 - Cal Crutchlow Replica,324.98,HJC
71,2021-09-24,Nolan N40-5 N-Com - Classic Metal White,169.99,Nolan
72,2021-09-24,Shoei Neotec 2 - Splicer TC-8,599.99,Shoei
73,2021-09-24,Schuberth C3 Pro - Gloss Silver,359.99,Schuberth
74,2021-09-24,Nolan N70-2 X - Grandes Alpes Black / White / Blue / Red,289.99,Nolan
75,2021-09-24,Shoei Neotec 2 - Splicer TC-2,599.99,Shoei
76,2021-09-24,Nolan N40-5 GT N-Com - Classic Flat Black,199.99,Nolan
77,2021-09-24,HJC C70 - Canex Green,89.99,HJC
78,2021-09-24,Bell SRT - Predator Copper / Black,99.99,Bell
79,2021-09-24,AGV K3 SV-S - Mono Matt Black,170.99,AGV
80,2021-09-24,Shoei J-O - Rat Grey,299.99,Shoei
81,2021-09-24,Caberg Horus - Scout Matt Black / Red,187.99,Caberg
82,2021-09-24,Shark Ridill 1.2 - Nelum Black / Pearl,123.52,Shark
83,2021-09-24,MT Revenge - Zusa Blue / Fluo Yellow,59.99,MT
84,2021-09-24,HJC i70 - Matt Black,159.99,HJC
85,2021-09-24,Bell Broozer - Solid Matt Black,166.51,Bell
86,2021-09-24,Bell Bullitt Carbon - Roland Sand Design Check It Helmet Matt / Gloss Black,549.99,Bell
87,2021-09-24,Nolan N70-2 X - Classic Metal White,249.99,Nolan
88,2021-09-24,MT Le Mans 2 SV - Skull & Roses Black / Red,59.99,MT
89,2021-09-24,Scorpion Exo R1 Air - Carbon Gloss Black,389.99,Scorpion
90,2021-09-24,Shark Evo ES - Endless White / Black / Red,273.52,Shark
91,2021-09-24,Shoei GT Air 2 - Light Silver,469.99,Shoei
92,2021-09-24,AGV K3 SV-S - VR46,188.99,AGV
93,2021-09-24,AGV Legends X3000 - Barry Sheene Replica,328.99,AGV
94,2021-09-24,Shoei J-O - Matt Brown,299.99,Shoei
95,2021-09-24,HJC R-PHA 70 - Matt Titanium,349.99,HJC
96,2021-09-24,Schuberth E1 - Matt Black,399.99,Schuberth
97,2021-09-24,Nolan N100-5 N-Com - Consistency LED Yellow,329.99,Nolan
98,2021-09-24,MT Targo - Solid Gloss Pearl White,49.98,MT
99,2021-09-24,AGV Corsa-R Rossi Goodwood - Black / White / Yellow,399.99,AGV
100,2021-09-24,Spada Raze - Sandanista Sand / Tan,59.46,Spada
101,2021-09-24,Shoei Ex-Zero - Matt Black,359.99,Shoei
102,2021-09-24,Shark D-Skwal 2 - Blank White,132.34,Shark
103,2021-09-24,HJC CS-15 - Trion Red,99.99,HJC
104,2021-09-24,Dexter Proton - Matt Black,53.99,Dexter
105,2021-09-24,Shoei Glamster - Basalt Grey,399.99,Shoei
106,2021-09-24,Icon Airflite - Blockchain Green,257.99,Icon
107,2021-09-24,Roof Boxxer Carbon - Uni Black,339.94,Roof
108,2021-09-24,Shoei GT Air 2 - Haste TC-4,549.99,Shoei
109,2021-09-24,HJC C70 - Koro Yellow,127.99,HJC
110,2021-09-24,Spada Intrepid - Pearl White,76.45,Spada
111,2021-09-24,Arai Tour X4 - Cover UK,579.99,Arai
112,2021-09-24,MT Targo - Doppler Matt Black / Fluo Yellow,44.99,MT
113,2021-09-24,Nexx X.R2 Carbon - Black / White,299.99,Nexx
114,2021-09-24,Shoei Neotec 2 - Light Silver,549.99,Shoei
115,2021-09-24,Scorpion EXO 490 - Divina Black Chameleon,139.99,Scorpion
116,2021-09-24,Icon Airflite - Quicksilver,225.99,Icon
117,2021-09-24,Shoei J-O - Gloss Black,299.99,Shoei
118,2021-09-24,Caberg Duke II - Super Legend Red / White,155.98,Caberg
119,2021-09-24,HJC R-PHA 11 - Carbon Black,449.99,HJC
120,2021-09-24,Shoei NXR - Variable TC-1,369.99,Shoei
121,2021-09-24,Shark Skwal 2.2 - Venger Black / Yellow,185.99,Shark
122,2021-09-24,Bell Star DLX Mips - Lux Checkers Matt / Gloss Black / White,449.99,Bell
123,2021-09-24,Shoei Neotec 2 - Matt Deep Grey,549.99,Shoei
124,2021-09-24,Scorpion Exo-Tech - Pulse Black / Red,199.99,Scorpion
125,2021-09-24,HJC R-PHA 70 - Shuky Red,279.99,HJC
126,2021-09-24,Nolan N100-5 N-Com - Consistency Flat Lava Grey,329.99,Nolan
127,2021-09-24,Shark D-Skwal 2 - Penxa Black / Green / Yellow,149.99,Shark
128,2021-09-24,Icon Airflite - Peace Keeper Black,257.99,Icon
129,2021-09-24,Shoei GT Air 2 - Reminisce TC-5,549.99,Shoei
130,2021-09-24,Arai Debut - Modern Grey,329.99,Arai
131,2021-09-24,HJC CS-15 - Plain Matt Black,79.99,HJC
132,2021-09-24,Shark Evo ES - Blank Matt Black,247.05,Shark
133,2021-09-24,Shoei GT Air 2 - Haste TC-2,549.99,Shoei
134,2021-09-24,HJC R-PHA 70 - Matt Black,349.99,HJC
135,2021-09-24,Shark Nano - Blank Gloss White,123.52,Shark
136,2021-09-24,Shoei NXR - Dystopia TC-5,359.99,Shoei
137,2021-09-24,Nexo Comfort Flip - Gloss Black,69.99,Nexo
138,2021-09-24,Shark Evo-One 2 - Keenser Matt Black / Silver / Red,352.93,Shark
139,2021-09-24,Spada Raze - Matt Green,50.96,Spada
140,2021-09-24,AGV K6 - Nardo Grey,323.99,AGV
141,2021-09-24,AGV Pista GP-RR - Glossy Carbon,899.99,AGV
142,2021-09-24,Klim Krios Pro - Matt Black,540.00,Klim
143,2021-09-24,AGV K5-S - Tornado Black / Silver,269.99,AGV
144,2021-09-24,Nexx SX.100 - Core Matt Dark Grey,139.99,Nexx
145,2021-09-24,Shoei GT Air 2 - Insignia TC-1,438.62,Shoei
146,2021-09-24,Shark D-Skwal 2 - Shigan White / Black / Violet,149.99,Shark
147,2021-09-24,Shoei NXR - Stable TC-4,369.99,Shoei
148,2021-09-24,Nexx X.WED 2 - Plain Matt Titanium,314.99,Nexx
149,2021-09-24,Caberg Ghost - Carbon,231.99,Caberg
150,2021-09-24,AGV K3 SV-S - Winter Test,157.49,AGV
151,2021-09-24,X-Lite X-903 - Modern Class Metal White,349.99,X-Lite
152,2021-09-24,Caberg Horus - Matt Black,159.99,Caberg
153,2021-09-24,AGV K6 - Hyphen White / Red / Blue,319.99,AGV
154,2021-09-24,HJC CS-15 - Tarex Gold / Silver,99.99,HJC
155,2021-09-24,Shoei X-Spirit 3 - Brink TC2,699.99,Shoei
156,2021-09-24,Roof Cooper - Matt Black,74.99,Roof
157,2021-09-24,Caberg Horus - Scout White / Red / Blue,187.99,Caberg
158,2021-09-24,Bell SRT - Buster Black / Yellow / Grey,127.49,Bell
159,2021-09-24,Shoei NXR - Variable TC-4,349.99,Shoei
160,2021-09-24,Bell Qualifier - Integrity Matt Camo / Titanium / Orange,99.99,Bell
161,2021-09-24,LS2 Pioneer - Trigger Black / White / Titanium,79.99,LS2
162,2021-09-24,HJC i70 - Eluma Red,179.99,HJC
163,2021-09-24,Shoei X-Spirit 3 - Brink TC10,449.99,Shoei
164,2021-09-24,X-Lite X-502 Ultra Carbon - Puro Carbon,379.99,X-Lite
165,2021-09-24,Shoei Hornet ADV - Gloss Black,382.48,Shoei
166,2021-09-24,AGV K5-S - Tempest Black / Silver,269.99,AGV
167,2021-09-24,HJC R-PHA 90S - White,335.98,HJC
168,2021-09-24,Caberg Levo - Matt Blue,255.99,Caberg
169,2021-09-24,MT Storm SV - Solid Matt Titanium,99.99,MT
170,2021-09-24,Duchinni D501 - Garage Black / Orange,60.00,Duchinni
171,2021-09-24,Caberg Duke II - Super Legend Italia,155.98,Caberg
172,2021-09-24,Shoei Neotec 2 - Splicer TC-5,599.99,Shoei
173,2021-09-24,Shark Ridill 1.2 - Mecca Black / Red / Silver,123.52,Shark
174,2021-09-24,LS2 Rapid - Boho White / Black / Pink,59.99,LS2
175,2021-09-24,HJC CS-15 - Plain Gloss Black,89.99,HJC
176,2021-09-24,Shoei GT Air 2 - Ogre TC-1,549.99,Shoei
177,2021-09-24,AGV Legends X3000 - Mono Matt Black,204.99,AGV
178,2021-09-24,LS2 Rapid Mini - Crazy Pop White / Pink,59.99,LS2
179,2021-09-24,Bell Scout Air - Gloss Black,134.99,Bell
180,2021-09-24,AGV Corsa-R - Mono Matt Black,479.99,AGV
181,2021-09-24,Schuberth C4 Basic - Gloss White,299.99,Schuberth
182,2021-09-24,Arai RX-7V Replica - Pedrosa Spirit Gold,789.99,Arai
183,2021-09-24,Caberg Uptown - Matt Black,91.99,Caberg
184,2021-09-24,Shoei X-Spirit 3 - Gloss Black,599.99,Shoei
185,2021-09-24,HJC I90 - Davan Black,209.99,HJC
186,2021-09-24,Arai Debut - Blast Yellow,399.99,Arai
187,2021-09-24,Shoei Glamster - Off White,399.99,Shoei
188,2021-09-24,Arai Rapide - Number Blue,397.49,Arai
189,2021-09-24,AGV K6 - Matt Black,323.99,AGV
190,2021-09-24,Nolan N87 N-Com - Originality Flat Black / Yellow,209.99,Nolan
191,2021-09-24,Shoei Ex-Zero - Off White,359.99,Shoei
192,2021-09-24,LS2 Rapid Mini - Solid White,49.99,LS2
193,2021-09-24,Arai Tour X4 - Cover White,579.99,Arai
194,2021-09-24,Nolan N70-2 GT - Classic Metal White,229.99,Nolan
195,2021-09-24,Shoei X-Spirit 3 - Power Rush TC-8,699.99,Shoei
196,2021-09-24,LS2 Valiant - Solid Matt Black,219.99,LS2
197,2021-09-24,Arai Tour X4 - Cover Multi Sport,579.99,Arai
198,2021-09-24,Klim Krios Pro - Arsenal Grey,540.00,Klim
199,2021-09-24,Arai Debut - Gunmetal Frost,299.99,Arai
200,2021-09-24,AGV AX8 Dual Evo - Earth White / Black / Red,247.49,AGV
201,2021-09-24,Shark D-Skwal 2 - Blank Black,132.34,Shark
202,2021-09-24,Caberg Duke II - Super Legend Matt Black / Yellow,155.99,Caberg
203,2021-09-24,HJC C70 - Koro Red / White / Blue,159.99,HJC
204,2021-09-24,Arai Debut - Legend St George,399.99,Arai
205,2021-09-24,Caberg Uptown - Gloss White,91.99,Caberg
206,2021-09-24,Icon Airflite - Uncle Dave,191.99,Icon
207,2021-09-24,Shark Skwal 2 - Blank White,176.46,Shark
208,2021-09-24,Bell Bullitt DLX - Stripes Pearl White,389.99,Bell
209,2021-09-24,Shoei X-Spirit 3 - De Angelis,499.99,Shoei
210,2021-09-24,Shark D-Skwal 2 - Shigan Black / Violet / Pearl,149.99,Shark
211,2021-09-24,Nexx X.WED 2 - Plain Matt Desert,314.99,Nexx
212,2021-09-24,Nolan N40-5 N-Com - Classic Flat Black,169.99,Nolan
213,2021-09-24,Shark Spartan 1.2 - Blank Matt Black,247.05,Shark
214,2021-09-24,Roof Boxxer 9 - Fuzo Matt Black / Orange,310.47,Roof
215,2021-09-24,Arai RX-7V Replica - Pedrosa Spirit Blue,789.99,Arai
216,2021-09-24,Shoei X-Spirit 3 - Gloss White,449.95,Shoei
217,2021-09-24,Shoei NXR - Shorebreak TC-2,349.98,Shoei
218,2021-09-24,Schuberth C4 Pro Women - Gloss White,374.99,Schuberth
219,2021-09-24,MT Targo - Dagger Matt Black / Grey,79.99,MT
220,2021-09-24,Shoei J-O - Waimea TC10,239.99,Shoei
221,2021-09-24,Bell Bullitt Special Edition - Barracuda,299.99,Bell
222,2021-09-24,HJC R-PHA 90S Carbon,499.99,HJC
223,2021-09-24,Held Root - Black / White / Red,141.74,Held
224,2021-09-24,AGV K5-S - Tempest Black / Red,269.99,AGV
225,2021-09-24,Nolan N100-5 Plus N-Com - Overland Flat Lava Grey / Yellow,349.99,Nolan
226,2021-09-24,Arai Tour X4 - Depart Metallic Blue,579.99,Arai
227,2021-09-24,HJC I90 - Pearl White,189.99,HJC
228,2021-09-24,Caberg Horus - Scout Matt Black / Yellow,187.99,Caberg
229,2021-09-24,Icon Airflite - Rubatone Matt Black,204.99,Icon
230,2021-09-24,Bell Moto 3 - Classic White,249.99,Bell
231,2021-09-24,Shoei GT Air 2 - Insignia TC-5,439.15,Shoei
232,2021-09-24,LS2 Stream Evo - Solid White,89.99,LS2
233,2021-09-24,AGV K5-S - Core Black / Cyan / Yellow Fluo,239.99,AGV
234,2021-09-24,HJC F70 - Feron Red,279.99,HJC
235,2021-09-24,Caberg Riviera V3 - Gloss White,67.99,Caberg
236,2021-09-24,AGV Legends X3000 - Mono Black,209.99,AGV
237,2021-09-24,HJC R-PHA 70 - Carbon Black,449.99,HJC
238,2021-09-24,HJC I90 - Davan White,209.99,HJC
239,2021-09-24,HJC I90 - Davan Pink,209.99,HJC
240,2021-09-24,Arai Debut - Blaze Black / White,399.99,Arai
241,2021-09-24,Dexter Cronos Carbon - Gloss Carbon,179.99,Dexter
242,2021-09-24,LS2 Rapid Mini - Solid Matt Black,49.99,LS2
243,2021-09-24,Shark Spartan 1.2 - Antheon White / Silver / Black,264.70,Shark
244,2021-09-24,Shark Evo ES - Yari Matt Anthracite / Blue / Silver,273.52,Shark
245,2021-09-24,HJC R-PHA 11 - Nectus Red / White / Blue,379.99,HJC
246,2021-09-24,AGV Compact-ST - Detroit White / Black,206.99,AGV
247,2021-09-24,AGV K1 - Warmup Black / Pink,143.99,AGV
248,2021-09-24,Bell MX-9 Adventure Mips - Solid White,189.99,Bell
249,2021-09-24,Shark Skwal 2.2 - Noxxys Black / Blue / Green,202.93,Shark
250,2021-09-24,HJC I90 - Davan Red,209.99,HJC
251,2021-09-24,AGV K6 - Secret Black / White,319.99,AGV
252,2021-09-24,Scorpion Exo-1400 Air Carbon - Beaux White / Neon Yellow,329.99,Scorpion
253,2021-09-24,Nexx X.R2 Carbon - Dark Division Black,299.99,Nexx
254,2021-09-24,Caberg Riviera V3 - Sway Matt Gun / Fluo Red,79.99,Caberg
255,2021-09-24,Shark Spartan 1.2 - Antheon Matt Anthracite / Yellow / Black,231.99,Shark
256,2021-09-24,Shark Evo ES - Endless Matt Orange / Black,273.52,Shark
257,2021-09-24,AGV AX9 - Trail Gunmetal / Orange,319.99,AGV
258,2021-09-24,AGV Compact-ST - Detroit Yellow Fluo / Black,206.99,AGV
259,2021-09-24,LS2 Challenger - Solid White,249.99,LS2
260,2021-09-24,Scorpion Exo Belfast - Luxe Gloss White,119.99,Scorpion
261,2021-09-24,Bell Custom 500 DLX - Vintage White,179.99,Bell
262,2021-09-24,Arai RX-7V Race FIM - Sign Grey,849.99,Arai
263,2021-09-24,Arai Rapide - White,337.49,Arai
264,2021-09-24,AGV Corsa-R - Miller 2018,489.99,AGV
265,2021-09-24,AGV Corsa-R - Mono Gloss Black,419.98,AGV
266,2021-09-24,HJC FG-70S - Vintage Matt Brown,127.99,HJC
267,2021-09-24,Arai RX-7V - HRC Honda,789.99,Arai
268,2021-09-24,HJC R-PHA 11 - Pearl White,349.99,HJC
269,2021-09-24,Shark Race R Pro - Blank Gloss White,341.46,Shark
270,2021-09-24,Bell Bullitt Carbon - Transend Candy Red / Gold,412.49,Bell
271,2021-09-24,Nexx SX.100 - Superspeed Matt Black,169.99,Nexx
272,2021-09-24,MT Revenge - Zusa Fluo Orange / Red,59.99,MT
273,2021-09-24,HJC R-PHA 11 - Matt Black,349.99,HJC
274,2021-09-24,Shark Race R Pro - Blank Gloss Black,379.40,Shark
275,2021-09-24,HJC C70 - Koro Pink,159.99,HJC
276,2021-09-24,Nexx SX.60 - Jazzy Classic Cream,129.99,Nexx
277,2021-09-24,Schuberth M1 Pro - Gloss White,359.99,Schuberth
278,2021-09-24,Simpson Venom - Solid Gloss Black,249.99,Simpson
279,2021-09-24,AGV Legends X3000 - Super AGV Matt Black / Yellow,259.98,AGV
280,2021-09-24,Arai Freeway Classic - Black,269.99,Arai
281,2021-09-24,HJC F70 - Matt Black,249.99,HJC
282,2021-09-24,Shoei X-Spirit 3 - Motegi 3 TC-2,719.99,Shoei
283,2021-09-24,MT Thunder 3 SV - Pitlane Matt Black / Grey,109.99,MT
284,2021-09-24,Schuberth M1 Pro - Matt Black,359.99,Schuberth
285,2021-09-24,Arai Profile V - Bend Red,459.99,Arai
286,2021-09-24,Icon Airmada - Scrawl White,143.99,Icon
287,2021-09-24,Arai Freeway Classic - Frost Black,269.99,Arai
288,2021-09-24,Roof Rover - Mono White,159.99,Roof
289,2021-09-24,Caberg X-Trace - Savana Orange / Black / Anthracite / White,143.99,Caberg
290,2021-09-24,Bell Eliminator - Vanish Matt Blue / Yellow,199.99,Bell
291,2021-09-24,Shoei Ex-Zero - Equation TC-2,419.99,Shoei
292,2021-09-24,AGV Veloce-S Replica - Ranch,292.48,AGV
293,2021-09-24,Bell SRT - Predator Fluo Green / Black,99.99,Bell
294,2021-09-24,AGV AX8 Dual Evo - Gloss White,224.99,AGV
295,2021-09-24,HJC R-PHA 70 - Kosis Orange,379.99,HJC
296,2021-09-24,HJC C91 - Taly Red,129.98,HJC
297,2021-09-24,Scorpion Exo R1 Air - Corpus 2 Black / White,317.81,Scorpion
298,2021-09-24,X-Lite X-803 Ultra Carbon RS - Gold Edition Carbon / Gold,489.99,X-Lite
299,2021-09-24,Schuberth E1 Cut - Grey,423.99,Schuberth
300,2021-09-24,Schuberth C3 Pro - Sestante Red,429.99,Schuberth
301,2021-09-24,HJC F70 Carbon - Carbon,349.99,HJC
302,2021-09-24,Spada Open Face Classic - Matt Black,42.47,Spada
303,2021-09-24,Spada Open Face Classic - White,42.47,Spada
304,2021-09-24,Shoei Neotec 2 - Separator TC-10 Blue,599.99,Shoei
305,2021-09-24,HJC R-PHA 11 - DC Comics Joker,474.94,HJC
306,2021-09-24,X-Lite X-803 Ultra Carbon RS - Hot Lap Carbon / White,489.99,X-Lite
307,2021-09-24,Bell Qualifier DLX Mips - Torque Matt Black / Red,229.99,Bell
308,2021-09-24,LS2 Infinity - Solid White,94.99,LS2
309,2021-09-24,Duchinni D605 - Titanium,97.99,Duchinni
310,2021-09-24,MT Targo - Doppler Matt Black / Red,69.99,MT
311,2021-09-24,MT Thunder 3 SV - Trace Matt Black / Orange,69.99,MT
312,2021-09-24,Arai Debut - Frost Black,329.99,Arai
313,2021-09-24,Shoei NXR - Zork TC-7,349.99,Shoei
314,2021-09-24,Icon Airform - Rubatone Matt Black,106.99,Icon
315,2021-09-24,Shoei GT Air 2 - Insignia TC-2,549.99,Shoei
316,2021-09-24,Shoei GT Air 2 - Affair TC-3,435.73,Shoei
317,2021-09-24,Icon Airflite - Blockchain Red,257.99,Icon
318,2021-09-24,Arai Rapide - Frost Black,337.49,Arai
319,2021-09-24,Shoei J-Cruise 2 - White,429.99,Shoei
320,2021-09-24,Shark Evo ES - Endless Black / Anthracite,273.52,Shark
321,2021-09-24,HJC CLY - White,89.99,HJC
322,2021-09-24,Nolan N70-2 X N-Com - Decurio Flat Black / Orange,289.99,Nolan
323,2021-09-24,Spada Orion - Matt Blue,93.44,Spada
324,2021-09-24,Nolan N87 Plus N-Com - Distinctive Metal White,229.99,Nolan
325,2021-09-24,HJC C70 - Koro Red,129.99,HJC
326,2021-09-24,AGV K6 - Mono Black,323.99,AGV
327,2021-09-24,Nexx X.G100 Racer - Purist White,249.99,Nexx
328,2021-09-24,AGV K3 SV-S - Donkey,188.99,AGV
329,2021-09-24,HJC i70 - Eluma Black,179.99,HJC
330,2021-09-24,Nolan N70-2 X N-Com - Decurio Metal White / Blue / Red,289.99,Nolan
331,2021-09-24,Shoei J-O - Matt Light Silver,304.99,Shoei
332,2021-09-24,Shark Street Drak - Hurok Matt Black / Green,194.11,Shark
333,2021-09-24,AGV K5-S - Magnitude Black / Flo Yellow,217.49,AGV
334,2021-09-24,Nolan N60-5 - Classic Matt Black,119.99,Nolan
335,2021-09-24,Shark Spartan GT Carbon Skin - Kromium Carbon / Blue,423.52,Shark
336,2021-09-24,Shark Skwal 2.2 - Venger Matt Black / Anthracite,202.93,Shark
337,2021-09-24,AGV K5-S - Thunder Matt Black / White / Red,269.99,AGV
338,2021-09-24,MT Le Mans 2 - Pure Gloss Black,59.99,MT
339,2021-09-24,Shoei NXR - Philosopher TC-1,369.99,Shoei
340,2021-09-24,MT Le Mans 2 SV - Skull & Roses Matt Grey / Black,59.99,MT
341,2021-09-24,Nolan N21 - Special Black Graphite,99.99,Nolan
342,2021-09-24,Shoei Glamster - Resurrection TC10 White / Red / Blue,499.99,Shoei
343,2021-09-24,Bell SRT - Isle of Man Black / Red,169.99,Bell
344,2021-09-24,Shoei NXR - Harmonic TC-10,349.99,Shoei
345,2021-09-24,Bell Bullitt DLX - Solid Black,389.99,Bell
346,2021-09-24,Vemar Ghibli - Base Matt Black / Fluo Orange,79.99,Vemar
347,2021-09-24,Arai Chaser X - Frost Black,329.98,Arai
348,2021-09-24,Spada Raze - Pearl White,50.96,Spada
349,2021-09-24,Scorpion ADX-1 - Tuscon Matt Black / Orange,179.99,Scorpion
350,2021-09-24,Klim Krios Pro - Mekka Kinetik Blue,540.00,Klim
351,2021-09-24,Shark Spartan GT - Tracker White / Blue / Black,344.99,Shark
352,2021-09-24,AGV K3 SV-S - Ride 46,188.99,AGV
353,2021-09-24,Bell Bullitt - Bolt Yellow / Black,292.49,Bell
354,2021-09-24,Dexter Emmet - Matt Titanium,99.99,Dexter
355,2021-09-24,Nolan N87 N-Com - Emblema Flat Black / Yellow,199.99,Nolan
356,2021-09-24,Nolan N70-2 X - Classic Flat Black,249.99,Nolan
357,2021-09-24,Arai Profile V - Modern Grey,379.99,Arai
358,2021-09-24,HJC IS-33 II - Korba White,111.99,HJC
359,2021-09-24,HJC i70 - Pearl White,159.99,HJC
360,2021-09-24,Caberg Freeride - Yellow Brushed,149.99,Caberg
361,2021-09-24,Shoei Ex-Zero - Basalt Grey,359.99,Shoei
362,2021-09-24,Shoei VFX-WR - White,419.99,Shoei
363,2021-09-24,Spada RP900 - Gloss White,50.96,Spada
364,2021-09-24,Icon Airmada - Rubatone Black,116.79,Icon
365,2021-09-24,Shark Evo ES - Yari Matt Black / Anthracite,273.52,Shark
366,2021-09-24,Shoei NXR - Stable TC-8,359.99,Shoei
367,2021-09-24,Bell Moto 3 - Fasthouse Checkers Matt / Gloss Black / White / Red,249.99,Bell
368,2021-09-24,X-Lite X-1004 - Charismatic Carbon / LED Yellow,299.99,X-Lite
369,2021-09-24,HJC i70 - Fluo Yellow,159.99,HJC
370,2021-09-24,Scorpion Exo-Tech - Pulse Black / Yellow,242.97,Scorpion
371,2021-09-24,LS2 Verso - Spin Matt Fluo Orange,83.99,LS2
372,2021-09-24,Bell Qualifier - Gloss Black,129.99,Bell
373,2021-09-24,Arai QV Pro Honda Goldwing - Red / Black,502.49,Arai
374,2021-09-24,Nexx SX.60 - Cruise 2 Matt Black / Camel,134.99,Nexx
375,2021-09-24,MT Kre SV - Intrepid White / Fluo Yellow / Blue,119.99,MT
376,2021-09-24,AGV Legends X70 - Mono Matt Light Grey,144.99,AGV
377,2021-09-24,X-Lite X-803 Ultra Carbon - Puro Matt Black Carbon,399.99,X-Lite
378,2021-09-24,Caberg Freeride - Iron,159.99,Caberg
379,2021-09-24,X-Lite X-403 GT Ultra Carbon - Puro Carbon,369.99,X-Lite
380,2021-09-24,Arai RX-7V Race FIM - Frost Black,749.99,Arai
381,2021-09-24,HJC V90 - Matt Black,199.97,HJC
382,2021-09-24,Spada Orion - Matt Black,93.44,Spada
383,2021-09-24,Nexx X.WED 2 - Wild Country White / Blue,359.99,Nexx
384,2021-09-24,Scorpion Exo City - Avenue Blue / White,97.49,Scorpion
385,2021-09-24,HJC R-PHA 11 Bine - Red,264.99,HJC
386,2021-09-24,Arai RX-7V Replica - Vinales 12,789.99,Arai
387,2021-09-24,Nexx SX.100 - Big Shot Helmet Dark Grey,169.99,Nexx
388,2021-09-24,MT Revenge - Zusa White / Red,59.99,MT
389,2021-09-24,Spada Reveal - Tracker White / Black,76.45,Spada
390,2021-09-24,LS2 Vector Evo - Solid White,159.99,LS2
391,2021-09-24,Shark Race R Pro Carbon - Kolov Green / Black,399.99,Shark
392,2021-09-24,Caberg Levo - Prospect Matt Black / Yellow,279.99,Caberg
393,2021-09-24,Bell Custom 500 DLX - Streak Gloss Black / White,143.99,Bell
394,2021-09-24,HJC IS-33 II - Korba Black,111.99,HJC
395,2021-09-24,Premier Cool - OPT Bronze,119.95,Premier
396,2021-09-24,Roof Boxxer 9 - Mono Matt Graphite,279.98,Roof
397,2021-09-24,Nexx SX.60 - Cruise 2 Matt Black,134.99,Nexx
398,2021-09-24,Spada Edge Chaser - White / Black,50.96,Spada
399,2021-09-24,AGV RP60 - Cafe Racer Gloss White,89.99,AGV
400,2021-09-24,Spada SP17 - Matt Black,76.45,Spada
401,2021-09-24,Arai Debut - Podium Union Jack Flag,399.99,Arai
402,2021-09-24,Scorpion Exo-Tech - Trap Matt Black / Red / White,289.99,Scorpion
403,2021-09-24,Scorpion Exo Combat Evo - Samurai,179.99,Scorpion
404,2021-09-24,Schuberth C3 Pro - Sestante Blue,386.99,Schuberth
405,2021-09-24,LS2 Valiant 2 - Stelar Black / Blue,269.99,LS2
406,2021-09-24,Arai RX-7V Replica - Nakagami GP2,789.99,Arai
407,2021-09-24,HJC R-PHA 70 - Kroon Red,379.99,HJC
408,2021-09-24,HJC C91 - Taly Pink,159.99,HJC
409,2021-09-24,X-Lite X-1005 Ultra Carbon - Dyad N-Com Carbon,459.99,X-Lite
410,2021-09-24,Nolan N70-2 X - Bungee Metal White / Black / Red,299.99,Nolan
411,2021-09-24,Nolan N100-5 Plus N-Com - Overland Metal White / Blue / Red,349.99,Nolan
412,2021-09-24,Schuberth E1 - Tuareg Red,529.99,Schuberth
413,2021-09-24,HJC R-PHA 90S - Bekavo Red,469.99,HJC
414,2021-09-24,Shark Skwal 2.2 - Hallder Black / White / Anthracite,202.93,Shark
415,2021-09-24,Shark Spartan 1.2 - Blank Red,238.23,Shark
416,2021-09-24,Shoei Neotec 2 - Separator TC-5 Black / White,599.99,Shoei
417,2021-09-24,Icon Airform - Chantilly Opal Purple,188.99,Icon
418,2021-09-24,Icon Airflite - El Centro Black / Gold,249.99,Icon
419,2021-09-24,HJC R-PHA 11 - DC Comics Superman,519.99,HJC
420,2021-09-24,X-Lite X-803 Ultra Carbon RS - Hot Lap Carbon / Red,395.77,X-Lite
421,2021-09-24,LS2 Valiant 2 - Orbit Matt Blue,269.99,LS2
422,2021-09-24,LS2 Pioneer Evo - Matt Black,99.99,LS2
423,2021-09-24,Shoei J-Cruise 2 - Aglero TC-1,519.99,Shoei
424,2021-09-24,Arai RX-7V - CBR Blue,789.99,Arai
425,2021-09-24,Schuberth C4 Basic - Matt Black,299.99,Schuberth
426,2021-09-24,Premier Monza - U9 Matt Black,135.99,Premier
427,2021-09-24,Icon Alliance GT - DC18 Glory,135.99,Icon
428,2021-09-24,Icon Alliance - Overlord Fluo Yellow / Black,118.00,Icon
429,2021-09-24,Grex G9.1 Evolve - Kinetic N-Com Metal White,149.99,Grex
430,2021-09-24,Shark Race R Pro Carbon - Zarco Gold / White / Black,389.99,Shark
431,2021-09-24,MT KRe SV - Momentum Matt Black / Titanium / Intense Red,169.99,MT
432,2021-09-24,Shark Skwal - Cargo White / Black / Silver,159.99,Shark
433,2021-09-24,Scorpion EXO 390 - Beat Matt Black / Pink,89.99,Scorpion
434,2021-09-24,HJC C90 - Matt Black,89.99,HJC
435,2021-09-24,Scorpion EXO 390 - Matt Black,79.99,Scorpion
436,2021-09-24,HJC CLY - Taze Red,99.99,HJC
437,2021-09-24,HJC C70 - Koro Blue,159.99,HJC
438,2021-09-24,Spada Intrepid - Delta Matt Black / White,84.94,Spada
439,2021-09-24,Bell Broozer - Solid Black,199.99,Bell
440,2021-09-24,LS2 Stream Evo - Axis Blue / White,69.99,LS2
441,2021-09-24,LS2 Stream Evo - Solid Black,89.99,LS2
442,2021-09-24,LS2 Stream Evo - Solid Matt Black,89.99,LS2
443,2021-09-24,Shark Skwal 2.2 - Venger Black / Pearl / Black,202.93,Shark
444,2021-09-24,Arai Profile V - Diamond White,379.99,Arai
445,2021-09-24,AGV RP60 - Blackboard,69.99,AGV
446,2021-09-24,Shark Ridill 1.2 - Mecca White / Black / Red,123.52,Shark
447,2021-09-24,Bell Scout Air - Check Matt Black / White,99.99,Bell
448,2021-09-24,Caberg Droid - Hi Vision Yellow,183.99,Caberg
449,2021-09-24,Arai Rapide - Ha Yellow,397.49,Arai
450,2021-09-24,Nolan N87 N-Com - Originality Black / Red / Grey,199.99,Nolan
451,2021-09-24,MT Rapide - Bad Clown Black / White / Red,119.99,MT
452,2021-09-24,MT Blade 2 SV - Fugue Blue / Fluo Yellow,89.99,MT
453,2021-09-24,LS2 Strobe - Solid Matt Black,79.99,LS2
454,2021-09-24,HJC R-PHA 70 - Artan Carbon Fluo Yellow,499.99,HJC
455,2021-09-24,AGV K3 SV-S - Pop Matt White / Black / Red,179.99,AGV
456,2021-09-24,Arai Rapide - Black,337.49,Arai
457,2021-09-24,Arai Rapide - Modern Grey,337.49,Arai
458,2021-09-24,HJC i70 - Eluma Pink,179.99,HJC
459,2021-09-24,Shark Ridill 1.2 - Mecca Black / Anthracite / Silver,123.52,Shark
460,2021-09-24,AGV Pista GP-RR - Matt Carbon,788.99,AGV
461,2021-09-24,Simpson Darksome - Solid White,199.98,Simpson
462,2021-09-24,MT Blade 2 SV - Fugue White / Grey,129.99,MT
463,2021-09-24,Klim Krios - Gloss Karbon Black,380.00,Klim
464,2021-09-24,Nolan N87 Plus N-Com - Distinctive Flat Black / Red,172.49,Nolan
465,2021-09-24,Shark Skwal 2.2 - Noxxys Matt Black / Orange / Silver,191.11,Shark
466,2021-09-24,Shoei NXR - Philosopher TC-2,369.99,Shoei
467,2021-09-24,Nexx X.R2 Carbon - Zero Black,299.99,Nexx
468,2021-09-24,Nexx SX.60 - Jazzy Matt Black,129.99,Nexx
469,2021-09-24,Shark Skwal 2 - Blank Black,176.46,Shark
470,2021-09-24,AGV AX9 - Matt Carbon,422.99,AGV
471,2021-09-24,Bell Qualifier DLX Mips - Gloss Black,229.99,Bell
472,2021-09-24,Nexx X.G100 - Purist Matt Black,259.99,Nexx
473,2021-09-24,AGV Legends X70 - Mono White,134.99,AGV
474,2021-09-24,LS2 Stream Evo - Jink Matt Black / Fluo Yellow,99.99,LS2
475,2021-09-24,Bell SRT - Hart Luck Skull Charcoal / White / Red,99.99,Bell
476,2021-09-24,LS2 Breaker - Solid Matt Titanium,89.99,LS2
477,2021-09-24,Dexter Atome - Matt White,89.99,Dexter
478,2021-09-24,Shoei J-O - Gratte-Ciel TC10,262.48,Shoei
479,2021-09-24,Spada SP1 - Raptor White / Blue,135.91,Spada
480,2021-09-24,Caberg Flyon - White,159.99,Caberg
481,2021-09-24,Nolan N87 N-Com - Carnival Flat Black / Pink,199.99,Nolan
482,2021-09-24,Nexx X.WED 2 - Wild Country Sierra / Matt Grey,341.99,Nexx
483,2021-09-24,X-Lite X-803 Ultra Carbon RS - Replica C Davies,579.99,X-Lite
484,2021-09-24,Caberg Duke II - Super Legend Matt Black / Fluo Red,155.99,Caberg
485,2021-09-24,Schuberth C4 Pro - Magnitudo White,427.49,Schuberth
486,2021-09-24,Bell Star DLX Mips - Tantrum Matt White / Gloss Black / Titanium,314.99,Bell
487,2021-09-24,Bell Qualifier - Stealth Camo Matt Black / Red,129.99,Bell
488,2021-09-24,Dexter Emmet - Matt Black,129.99,Dexter
489,2021-09-24,Arai Debut - Legend Saltire,399.99,Arai
490,2021-09-24,HJC CS-MX II - Madax Black / Blue,89.99,HJC
491,2021-09-24,Caberg Levo - Matt Black,255.99,Caberg
492,2021-09-24,MT Atom SV - Transcend Grey,89.99,MT
493,2021-09-24,Shark Ridill 1.2 - Stratom Matt Black / White / Red,123.52,Shark
494,2021-09-24,MT Thunder 3 SV - Solid Gloss White,79.37,MT
495,2021-09-24,Nexx X.G100 - Devon Black,249.99,Nexx
496,2021-09-24,LS2 Rapid Mini - Solid Black,49.99,LS2
497,2021-09-24,Arai RX-7V Replica - Schwantz Design,789.99,Arai
498,2021-09-24,X-Lite X-661 - Slipstream N-Com Flat Black / Red,229.99,X-Lite
499,2021-09-24,Duchinni D705 - Syncro Black / Neon,69.99,Duchinni
500,2021-09-24,Shark Race R Pro Carbon - Skin Dark / White / Black,538.22,Shark
501,2021-09-24,Shark Spartan GT - Elgen Black / Anthracite / White,361.75,Shark
502,2021-09-24,HJC I40 - Matt Black,99.99,HJC
503,2021-09-24,HJC R-PHA 11 - Bine Blue / Orange,264.99,HJC
504,2021-09-24,HJC F70 - Feron Blue,279.99,HJC
505,2021-09-24,Nexx SX.100 - Enigma Matt Black / White,169.99,Nexx
506,2021-09-24,Shark Spartan 1.2 - Kobrak Black / Violet,264.70,Shark
507,2021-09-24,Shark Spartan 1.2 - Kobrak Black / Blue,264.70,Shark
508,2021-09-24,HJC I90 - Hollen Yellow,209.99,HJC
509,2021-09-24,Roof Desmo - Mono Matt Dark Blue,278.97,Roof
510,2021-09-24,Bell Bullitt - Flow Grey / Black,272.98,Bell
511,2021-09-24,MT Atom SV - Solid Gloss White,129.99,MT
512,2021-09-24,X-Lite X-803 Ultra Carbon - Mastery Carbon / Blue,329.99,X-Lite
513,2021-09-24,MT Thunder 3 SV Pitlane - Matt Black / Blue,109.99,MT
514,2021-09-24,LS2 Challenger - Flex Matt Black,269.99,LS2
515,2021-09-24,Shark Street Drak - Hurok Black / Silver,194.11,Shark
516,2021-09-24,Shark Ridill 1.2 - Drift-R - Black / Green / Blue,123.52,Shark
517,2021-09-24,HJC R-PHA 90 - Star Wars Darth Vader,349.99,HJC
518,2021-09-24,Caberg Drift Evo - Carbon Matt Anthracite / White,232.49,Caberg
519,2021-09-24,Shark Evo-One 2 - Lithion Anthracite / Black,249.99,Shark
520,2021-09-24,Shark Race R Pro - Zarco 2017 Replica,458.81,Shark
521,2021-09-24,Bell Moto 3 - Classic Black,249.99,Bell
522,2021-09-24,Shark Spartan - Blank Black,202.49,Shark
523,2021-09-24,Nexo Ladies Comfort Flip - Gloss White,104.99,Nexo
524,2021-09-24,Scorpion ADX-1 - Tuscon Matt Grey / Red,239.99,Scorpion
525,2021-09-24,Shark Spartan GT - Replikan Black / Red,361.75,Shark
526,2021-09-24,Shark S Drak 2 - Blank Matt Black,229.40,Shark
527,2021-09-24,HJC R-PHA 11 - Fesk Green,264.99,HJC
528,2021-09-24,Icon Airform - Parahuman Blue,119.99,Icon
529,2021-09-24,Scorpion EXO 490 - Tour White / Neon Yellow,99.99,Scorpion
530,2021-09-24,HJC F70 - Mago Black,209.99,HJC
531,2021-09-24,Shark Spartan GT Carbon Skin - Tracker Carbon / Anthracite / White,423.52,Shark
532,2021-09-24,Shark Evo ES Yari - Matt Silver / Anthracite / Black,273.52,Shark
533,2021-09-24,Airoh Aviator Ace - Matt Black,314.99,No Match
534,2021-09-24,HJC F70 - Black,249.99,HJC
535,2021-09-24,Schuberth C4 Pro Women - Matt Black,374.99,Schuberth
536,2021-09-24,Schuberth C4 Pro - Magnitudo Yellow,427.49,Schuberth
537,2021-09-24,Bell Race Star DLX Flex - Roland Sand Design The Zone Matt / Gloss White / Candy Red,349.99,Bell
538,2021-09-24,Bell Qualifier DLX Mips - Torque Matt Black / Orange,229.99,Bell
539,2021-09-24,Arai Profile V - Diamond Black,379.99,Arai
540,2021-09-24,MT Avenue SV - Sideway Matt Blue / Red / White,79.99,MT
541,2021-09-24,MT Thunder 3 SV - Vlinder Matt Grey,89.99,MT
542,2021-09-24,MT Thunder 3 SV - Ray White / Green,109.99,MT
543,2021-09-24,Nexx X.G10 - Carbon SV Black,299.99,Nexx
544,2021-09-24,LS2 Xtra - Solid Matt Carbon,209.99,LS2
545,2021-09-24,LS2 Verso - Spin White / Black,83.99,LS2
546,2021-09-24,Schuberth S2 Sport - Redux Yellow,374.99,Schuberth
547,2021-09-24,Shark Street Drak - Blank Matt Green,176.46,Shark
548,2021-09-24,Shark Ridill 1.2 - Drift-R Matt Black / Anthracite / Silver,123.52,Shark
549,2021-09-24,Arai Urban V - Frost Black,349.99,Arai
550,2021-09-24,Vozz RS 1.0 - Silver,399.99,Vozz
551,2021-09-24,Nexx SX.60 - Eagle Rider Matt Black / Silver,129.99,Nexx
552,2021-09-24,Nexx X.70 - Groovy Titanium / Camel,219.99,Nexx
553,2021-09-24,Nexx X.70 - Groovy Matt Black / Camel,219.99,Nexx
554,2021-09-24,Nexx X.G100 Racer - Motordrome Titanium / Yellow,299.99,Nexx
555,2021-09-24,MT Thunder 3 SV Jet - Wing White / Red,69.99,MT
556,2021-09-24,MT Rapide - Overtake Matt Black / Fluo Yellow,89.99,MT
557,2021-09-24,MT Kre - Lookout Pearl White / Blue / Yellow,99.99,MT
558,2021-09-24,Nolan N60-5 - Gemini Replica Davies Metal Black,118.99,Nolan
559,2021-09-24,Duchinni D388 - Vintage Rust,85.00,Duchinni
560,2021-09-24,Duchinni D405 - Colt Black / Neon Yellow,89.99,Duchinni
561,2021-09-24,Shark Race R Pro Carbon - Lorenzo Shark Monster,359.99,Shark
562,2021-09-24,Arai RX-7V Replica - Mamola Edge White,629.99,Arai
563,2021-09-24,X-Lite X-1004 - Elegance N-Com Metal White,239.98,X-Lite
564,2021-09-24,Icon Airframe Pro - Rubatone,266.99,Icon
565,2021-09-24,Duchinni D605 - White,97.99,Duchinni
566,2021-09-24,Shoei RJ Platinum R - Gloss Light Silver,179.99,Shoei
567,2021-09-24,Shark Citycruiser - Blank White,134.85,Shark
568,2021-09-24,Shark Citycruiser - Blank Black,134.85,Shark
569,2021-09-24,HJC R-PHA 70 - Artan Carbon Red,499.99,HJC
570,2021-09-24,HJC I40 - Semi Flat Pearl White,99.99,HJC
571,2021-09-24,Caberg Flyon - Bakari Matt Gun / Black,171.99,Caberg
572,2021-09-24,Spada Hellion - Twist Fluo Yellow,59.46,Spada
573,2021-09-24,Spada Hellion - Matt Bright Blue,50.96,Spada
574,2021-09-24,Spada Lycan - Strobe Matt Black / Grey / Fluo Yellow,67.95,Spada
575,2021-09-24,Scorpion EXO 490 - Tour White / Red,99.99,Scorpion
576,2021-09-24,Nolan N60-5 - Gemini Replica M.R. Rinaldi Pumpkin,118.99,Nolan
577,2021-09-24,Shark Skwal 2.2 - Noxxys Black / Yellow / Silver,202.93,Shark
578,2021-09-24,HJC R-PHA 11 - Nakri Carbon Black,499.99,HJC
579,2021-09-24,Roof Boxxer 9 - Viper White / Black / Red,310.47,Roof
580,2021-09-24,Bell MX-9 Adventure Mips - Dash Black / White / Orange,142.49,Bell
581,2021-09-24,Bell Custom 500 Carbon - Roland Sand Design Checkmate Matt / Gloss Black / Gold,269.99,Bell
582,2021-09-24,Vemar Sharki - Cutter Matt Deep Blue / Flou Yellow,143.99,Vemar
583,2021-09-24,MT Targo - Enjoy White / Black / Red,69.99,MT
584,2021-09-24,MT KRE Ahead - Matt Black / Fluo Yellow,169.99,MT
585,2021-09-24,Nexx X.G10 Clubhouse SV - Matt Titanium,229.99,Nexx
586,2021-09-24,Premier Delta - U8 White,179.95,Premier
587,2021-09-24,Premier Vyrus - EM Black / Red,149.99,Premier
588,2021-09-24,Shark S Drak - Blank Glitter Silver,232.49,Shark
589,2021-09-24,Shark Spartan - Zarco Malaysian GP Replica Matt Black / Anthracite / Silver,247.49,Shark
590,2021-09-24,Bell Eliminator - Matt Black,349.99,Bell
591,2021-09-24,Hedon Hedonist - Ash,309.00,Hedon
592,2021-09-24,Nexx X.70 - Groovy White / Camel,219.99,Nexx
593,2021-09-24,Nexx X.70 - Groovy Matt Black / Black,219.99,Nexx
594,2021-09-24,MT Rapide - Overtake Matt Black / White,89.99,MT
595,2021-09-24,Caberg Drift Evo - Speedster Black / Red / White,183.74,Caberg
596,2021-09-24,AGV Veloce-S - Vitali 2016 Yellow / White,299.99,AGV
597,2021-09-24,Held Top Spot - Matt Black,65.24,Held
598,2021-09-24,Arai Renegade - Diablo Red,397.49,Arai
599,2021-09-24,X-Lite X-661 - Honeycomb N-Com Flat Black / Yellow,229.99,X-Lite
600,2021-09-24,Schuberth R2 - Gloss White,277.49,Schuberth
601,2021-09-24,Shark D-Skwal - Saurus Matt Black / White / Anthracite,127.49,Shark
602,2021-09-24,Shark Spartan - Blank Matt Black,209.99,Shark
603,2021-09-24,Shark Spartan - Blank White,202.49,Shark
604,2021-09-24,LS2 Explorer Carbon - Black,299.99,LS2
605,2021-09-24,Icon Airflite - 4Horsemen,239.99,Icon
606,2021-09-24,Shoei Neotec 2 - Respect TC-5 Grey,599.99,Shoei
607,2021-09-24,Shoei Neotec 2 - Respect TC-10 Blue,499.97,Shoei
608,2021-09-24,Shoei Neotec 2 - Respect TC-1 Red,599.99,Shoei
609,2021-09-24,Arai Quantic - Modern Grey,499.99,Arai
610,2021-09-24,Arai Quantic - Snake Red,599.99,Arai
611,2021-09-24,Scorpion Exo-520 Air - Laten Black / Red,209.99,Scorpion
612,2021-09-24,Arai Rapide - Speedblock Black / Red,397.49,Arai
613,2021-09-24,Arai Debut - Steel Blue,399.99,Arai
614,2021-09-24,Arai Debut - Steel Red,399.99,Arai
615,2021-09-24,Caberg Riviera V4 - Matt Black,79.99,Caberg
616,2021-09-24,HJC R-PHA 70 - Reple Carbon Black,499.99,HJC
617,2021-09-24,Shoei X-Spirit 3 - Aerodyne TC-1 Red,699.99,Shoei
618,2021-09-24,HJC R-PHA 70 - Kroon Fluo,379.99,HJC
619,2021-09-24,Nexx X.WST 2 Carbon - Zero 2 Matt Red,379.99,Nexx
620,2021-09-24,Nexx X.Vilijord - Continental White / Black / Red,469.99,Nexx
621,2021-09-24,Nexx SX.100R - Abisal Green / Red,219.99,Nexx
622,2021-09-24,Shark Evo GT - Blank Matt Black,326.46,Shark
623,2021-09-24,Shark Evo GT - Encke Matt Black / Anthracite,344.11,Shark
624,2021-09-24,Shark Evo GT - Encke Matt Anthracite / Yellow / Black,344.11,Shark
625,2021-09-24,Shark S Drak 2 - Blank Green,273.52,Shark
626,2021-09-24,HJC V30 - Matt Black,139.98,HJC
627,2021-09-24,Bell Custom 500 DLX Special Edition - Vertigo Matt Black / Silver,199.99,Bell
628,2021-09-24,Bell MX-9 Mips - Seven Battleship Red / White,149.99,Bell
629,2021-09-24,LS2 Fast Evo - Xcode Matt Fluo Orange / Blue,89.99,LS2
630,2021-09-24,LS2 Valiant 2 - Citius White / Blue,269.99,LS2
631,2021-09-24,LS2 Pioneer Evo - Master Black / Blue,119.99,LS2
632,2021-09-24,LS2 Vector Evo - Automat White / Titanium,169.99,LS2
633,2021-09-24,LS2 Rapid - Gale Black / Red / Green,59.99,LS2
634,2021-09-24,LS2 Challenger - Allert Matt Titanium / Silver,249.99,LS2
635,2021-09-24,Schuberth C4 Pro - Merak Yellow,399.99,Schuberth
636,2021-09-24,Schuberth S2 Sport - Polar Blue,469.99,Schuberth
637,2021-09-24,Schuberth C3 Pro - Sestante Yellow,429.99,Schuberth
638,2021-09-24,HJC R-PHA 70 - Kroo- Red / White / Blue,379.99,HJC
639,2021-09-24,HJC R-PHA 70 - Kosis Red / White / Blue,379.99,HJC
640,2021-09-24,HJC R-PHA 70 - Kosis Red,379.99,HJC
641,2021-09-24,X-Lite X-1005 - Elegance N-Com Metal White,339.99,X-Lite
642,2021-09-24,Nolan N90-3 Classic N-Com - Metal White,229.99,Nolan
643,2021-09-24,Bell Custom 500 DLX - Riff Gloss Black / Yellow / Red,134.99,Bell
644,2021-09-24,Bell Star DLX Mips - Labyrinth Blue / Red,449.99,Bell
645,2021-09-24,Bell Qualifier DLX Mips - 2021 Rally Matt Black / White,229.99,Bell
646,2021-09-24,HJC I30 - Matt Black,139.99,HJC
647,2021-09-24,HJC I30 - White,139.99,HJC
648,2021-09-24,HJC C91 - White,139.99,HJC
649,2021-09-24,HJC CLY - Zuky Yellow,99.99,HJC
650,2021-09-24,Bell Race Star DLX Flex - Ace Caf√© Speed Check Black / Gold,649.99,Bell
651,2021-09-24,Bell Race Star DLX Flex - Lux Matt / Gloss Black / Red,649.99,Bell
652,2021-09-24,HJC R-PHA 70 - Reple Carbon Blue / Orange,499.99,HJC
653,2021-09-24,Spada Rock - White,50.96,Spada
654,2021-09-24,X-Lite X-1005 - Elegance N-Com Flat Black,339.99,X-Lite
655,2021-09-24,Nolan N53 MX - Cliffjumper Metal White / Black,179.99,Nolan
656,2021-09-24,Shark Ridill 1.2 - Catalan Bad Boy Black / Anthracite / Silver,132.34,Shark
657,2021-09-24,HJC CS-15 - Martial Black,99.99,HJC
658,2021-09-24,HJC C70 - Curves White / Red / Blue,159.99,HJC
659,2021-09-24,HJC R-PHA 11 - Jarban Black,379.99,HJC
660,2021-09-24,Nolan N87 N-Com - Jolt Metal Black / Blue,209.99,Nolan
661,2021-09-24,Nolan N87 Plus N-Com -Overland Metal White / Black / Red,229.99,Nolan
662,2021-09-24,Nolan N87 N-Com - Jolt Metal Black / Red,209.99,Nolan
663,2021-09-24,Nolan N21 Visor - Avant-Garde Flat Sapphire Blue,149.99,Nolan
664,2021-09-24,Nolan N100-5 Plus N-Com - Overland Flat Lava Grey / Red,349.99,Nolan
665,2021-09-24,Schuberth E1 - Tuareg Yellow,529.99,Schuberth
666,2021-09-24,Arai RX-7V Replica - Haga,789.99,Arai
667,2021-09-24,X-Lite X-803 Ultra Carbon RS - SBK Carbon,579.99,X-Lite
668,2021-09-24,X-Lite X-803 Ultra Carbon RS - Replica D Petrucci Misano,579.99,X-Lite
669,2021-09-24,Nolan N100-5 N-Com - Hilltop Glossy Black / Red,329.99,Nolan
670,2021-09-24,Nolan N100-5 N-Com - Hilltop Flat Black / Grey,329.99,Nolan
671,2021-09-24,Bell Star DLX Mips - Shockwave Matt / Gloss Black / Candy Red,449.99,Bell
672,2021-09-24,Bell Star DLX Mips - Lux Checkers Matt / Gloss Black / Rootbeer,449.99,Bell
673,2021-09-24,Shark Street Drak - Blank Gloss Grey,152.99,Shark
674,2021-09-24,Shark D-Skwal 2 - Daven Matt Silver / Black / Violet,149.99,Shark
675,2021-09-24,Shark D-Skwal 2 - Daven Matt Black / Anthracite / Yellow,149.99,Shark
676,2021-09-24,Shark Spartan 1.2 - Strad Matt Blue / White / Red,264.70,Shark
677,2021-09-24,Caberg Ghost - Rust,199.99,Caberg
678,2021-09-24,Shoei Hornet ADV - Sovereign TC3,539.99,Shoei
679,2021-09-24,Shoei Hornet ADV - Sovereign TC1,539.99,Shoei
680,2021-09-24,Shoei GT Air 2 - Panorama TC-8,549.99,Shoei
681,2021-09-24,Shoei Hornet ADV - Sovereign TC10,539.99,Shoei
682,2021-09-24,Bell MX-9 Mips - Dash Matt Grey / Infrared / Black,149.99,Bell
683,2021-09-24,Bell Moto 9 Flex - Breakaway Matt Silver / Black,524.99,Bell
684,2021-09-24,Shark Evojet - Blank Matt Black,198.98,Shark
685,2021-09-24,MT Thunder 3 SV Jet - Solid Matt Black,79.99,MT
686,2021-09-24,MT Streetfighter SV - Solid Matt Black,89.98,MT
687,2021-09-24,Icon Airform - Buck Fever,119.99,Icon
688,2021-09-24,Icon Airflite - Crosslink Red,239.99,Icon
689,2021-09-24,HJC I90 - Gloss Black,189.99,HJC
690,2021-09-24,X-Lite X-803 Ultra Carbon RS - Replica A Rins,579.99,X-Lite
691,2021-09-24,LS2 Challenger Carbon - Drone Matt Carbon Blue,329.99,LS2
692,2021-09-24,LS2 Challenger Carbon - Grid Blue Carbon / Red,329.99,LS2
693,2021-09-24,Shoei VFX-WR - Allegiant TC-8,529.99,Shoei
694,2021-09-24,Shoei J-Cruise 2 - Aglero TC-2,519.99,Shoei
695,2021-09-24,Shark Citycruiser - Dual Silver / Black,176.46,Shark
696,2021-09-24,Shark Spartan GT Carbon Skin - Kromium Carbon / Red,423.52,Shark
697,2021-09-24,HJC I40 - Semi Flat Titanium,89.97,HJC
698,2021-09-24,Arai RX-7V Race FIM - Diamond Black,749.99,Arai
699,2021-09-24,Caberg Flyon - Bakari Matt Black / Yellow,171.99,Caberg
700,2021-09-24,Premier Devil - PR 9 BM BE Matt Black,289.95,Premier
701,2021-09-24,Spada Orion - Whip Matt Black / Silver,101.93,Spada
702,2021-09-24,Caberg Levo - Prospect Matt Black / Bronze,279.99,Caberg
703,2021-09-24,Arai Rapide - Number Brown,397.49,Arai
704,2021-09-24,Nolan N87 Plus N-Com - Distinctive Flat Black / Yellow,229.99,Nolan
705,2021-09-24,Caberg Freeride - Matt Green,131.99,Caberg
706,2021-09-24,HJC R-PHA 11 - Nectus Blue Fluo,379.99,HJC
707,2021-09-24,AGV Legends X70 - Power Speed Matt Black,159.99,AGV
708,2021-09-24,Roof RO200 Carbon - Speeder Red / Silver,472.45,Roof
709,2021-09-24,Icon Variant Pro - Construct White,239.99,Icon
710,2021-09-24,Icon Variant Pro - Ascension Red,210.74,Icon
711,2021-09-24,Bell Qualifier DLX Mips - Devil May Care Grey,229.99,Bell
712,2021-09-24,Bell Qualifier DLX Mips - Breadwinner Black / White,229.99,Bell
713,2021-09-24,Icon Airform - Gloss Black,106.99,Icon
714,2021-09-24,Shoei NXR - Transcend TC-10,369.99,Shoei
715,2021-09-24,MT Le Mans 2 SV - Flames Black / Silver,69.99,MT
716,2021-09-24,Nexx X.Vilitur - Latitude Matt Black / Neon Yellow,299.99,Nexx
717,2021-09-24,Premier MX Carbon - NX Black / Gold,369.95,Premier
718,2021-09-24,Premier Trophy Carbon - T9 Carbon / Black,349.95,Premier
719,2021-09-24,AGV Pista GP-R Soleluna 2018,799.99,AGV
720,2021-09-24,Shark Street Drak - Blank Black,176.46,Shark
721,2021-09-24,Arai Renegade - Fury Silver,349.99,Arai
722,2021-09-24,Shark Spartan Carbon - Guintoli Replica Black / Blue / Yellow,327.99,Shark
723,2021-09-24,Roof Boxxer 9 - Mono White,287.97,Roof
724,2021-09-24,Bell Eliminator Carbon Matt Black,524.99,Bell
725,2021-09-24,Roof Boxxer Absolute Carbon - Black,445.45,Roof
726,2021-09-24,Dexter Marty - Fifty Niner Yellow,89.99,Dexter
727,2021-09-24,Nexx X.G100 - Southsider Burgundy,187.49,Nexx
728,2021-09-24,Nexx X.G100 Racer - Motordrome Blue,224.99,Nexx
729,2021-09-24,Shark Drak - Neon Matt Fluo Red / Black,220.58,Shark
730,2021-09-24,Icon Alliance - Oro Boros Black,128.99,Icon
731,2021-09-24,AGV Legends X70 Replica - Pasolini,244.99,AGV
732,2021-09-24,AGV Pista GP-R Replica - Iannone 2017,749.99,AGV
733,2021-09-24,Schuberth E1 - Rival Grey,449.99,Schuberth
734,2021-09-24,Held Travel Champ II - Black / Blue,92.24,Held
735,2021-09-24,Grex G9.1 Evolve Couple N-Com - Fuchsia Kiss,129.99,Grex
736,2021-09-24,Grex G9.1 Evolve - Couple N-Com Flat Silver,159.99,Grex
737,2021-09-24,Shark S Drak - Freestyle Cup Carbon / Gold,277.04,Shark
738,2021-09-24,Shark Race R Pro Carbon - Guintoli Black Carbon / Blue / Yellow,573.52,Shark
739,2021-09-24,Bell Moto 9 Mips - Tagger Yellow / Blue / White,263.99,Bell
740,2021-09-24,X-Lite X-661 - Honeycomb N-Com Flat Black / White,229.99,X-Lite
741,2021-09-24,Shark Skwal - Warhen Matt Black / Blue,172.49,Shark
742,2021-09-24,Arai Freeway Classic - Bandage Bronze,249.99,Arai
743,2021-09-24,Icon Variant - Gloss White,222.99,Icon
744,2021-09-24,Shark Race R Pro - Cintas Black / Anthracite / Red,299.99,Shark
745,2021-09-24,AGV RP60 - Bonneville Gladiator,104.99,AGV
746,2021-09-24,Shark RSJ ST Starry - White / Red / Green,140.99,Shark
747,2021-09-24,Caberg Freeride Soul - Matt Black / White,109.99,Caberg
748,2021-09-24,Caberg Duke II - Metal White,131.98,Caberg
749,2021-09-24,Duchinni D501 - Matt Black,48.00,Duchinni
750,2021-09-24,MDS M13 - Matt Black,79.99,MDS
751,2021-09-24,Caberg Tourmax - Gloss White,163.98,Caberg
752,2021-09-24,MT Flux - Solid Gloss Black,69.99,MT
753,2021-09-24,Caberg Duke II - Smart Black,111.99,Caberg
754,2021-09-24,Caberg Tourmax - Matt Black,157.24,Caberg
755,2021-09-24,Caberg Duke II - Matt Blue,135.98,Caberg
756,2021-09-24,Duchinni D501 - White,59.99,Duchinni
757,2021-09-24,LS2 Strobe - Solid White,79.99,LS2
758,2021-09-24,Schuberth C3 Pro - Gloss White,322.94,Schuberth
759,2021-09-24,MDS MD200 - Gloss White,119.99,MDS
760,2021-09-24,Shoei NXR - Gloss Black,303.99,Shoei
761,2021-09-24,Bell Qualifier DLX - Solid White,119.99,Bell
762,2021-09-24,Duchinni D501 - Black,59.99,Duchinni
763,2021-09-24,Caberg Droid - Matt Black,163.98,Caberg
764,2021-09-24,Spada Reveal - White,63.99,Spada
765,2021-09-24,Scorpion ADX-1 - Pearl White,154.99,Scorpion
766,2021-09-24,Shoei Neotec 2 - Splicer TC-6,599.99,Shoei
767,2021-09-24,Shark Openline - Prime Gloss White,141.17,Shark
768,2021-09-24,Bell MX-9 Adventure Mips - Torch White / Blue / Yellow,129.99,Bell
769,2021-09-24,Bell Custom 500 Standard - Solid Matt Black,99.99,Bell
770,2021-09-24,Bell Qualifier DLX Mips - Accelerator Red / Black,119.99,Bell
771,2021-09-24,Shark Ridill 1.2 - Blank White,88.23,Shark
772,2021-09-24,MT Stinger - Solid Matt Black,59.99,MT
773,2021-09-24,Shoei Hornet ADV - Gloss White,382.48,Shoei
774,2021-09-24,AGV K1 - Matt Black,125.99,AGV
775,2021-09-24,Shark Spartan Carbon - Skin Black / Red,290.09,Shark
776,2021-09-24,AGV Compact-ST - Mono Matt Black,179.99,AGV
777,2021-09-24,Nolan N100-5 N-Com - Consistency Corsa Red,329.99,Nolan
778,2021-09-24,Caberg Duke II - Matt Gun Metal,135.99,Caberg
779,2021-09-24,Caberg Droid - Iron,179.99,Caberg
780,2021-09-24,Bell Scout Air - Matt Black,122.11,Bell
781,2021-09-24,AGV K5-S - Mono Pearl White,251.99,AGV
782,2021-09-24,Simpson Venom - Solid Matt Black,223.98,Simpson
783,2021-09-24,Spada Reveal - Matt Black,63.99,Spada
784,2021-09-24,Arai Debut - Diamond White,329.99,Arai
785,2021-09-24,Bell Qualifier DLX - Hi-Vis,119.99,Bell
786,2021-09-24,Nolan N40-5 GT N-Com - Classic Metal White,199.99,Nolan
787,2021-09-24,Schuberth C3 Pro - Echo Green,399.99,Schuberth
788,2021-09-24,AGV K5-S - Tornado Black / Fluo Yellow,269.99,AGV
789,2021-09-24,Simpson Venom - Solid Gloss White,239.99,Simpson
790,2021-09-24,Shoei NXR - Intense,349.99,Shoei
791,2021-09-24,Arai Debut - Union Jack Flag,399.99,Arai
792,2021-09-24,Shark Evo ES - Blank White,247.05,Shark
793,2021-09-24,Caberg Droid - Metal White,163.99,Caberg
794,2021-09-24,Arai RX-7V - Solid Frost Black,669.99,Arai
795,2021-09-24,AGV K-3 SV Replica - Solun 46,124.99,AGV
796,2021-09-24,AGV K-3 SV - Marini Red / Green / Blue,99.99,AGV
797,2021-09-24,Arai Debut - Diamond Black,329.99,Arai
798,2021-09-24,Nolan N100-5 N-Com - Consistency Metal White,329.99,Nolan
799,2021-09-24,Shark Evo ES - Yari Black / Red / White,273.52,Shark
800,2021-09-24,HJC R-PHA 11 - Chakri Blue / Fluo,249.99,HJC
801,2021-09-24,MT Targo - Solid Matt Black,69.99,MT
802,2021-09-24,Icon Airflite - Synthwave Purple,239.99,Icon
803,2021-09-24,Bell SRT Modular - Ribbon Black / Red,249.99,Bell
804,2021-09-24,Shark Nano - Blank Gloss Black,119.99,Shark
805,2021-09-24,HJC I90 - Matt Black,189.99,HJC
806,2021-09-24,Shark Ridill 1.2 - Blank Matt Black,89.99,Shark
807,2021-09-24,Icon Airflite - Gloss Black,204.99,Icon
808,2021-09-24,Shoei RYD - Matt Deep Grey,239.98,Shoei
809,2021-09-24,LS2 Rapid - Ghost White / Black / Red,59.99,LS2
810,2021-09-24,HJC CS-15 - Plain Gloss White,89.99,HJC
811,2021-09-24,Shoei GT Air 2 - Matt Blue,422.98,Shoei
812,2021-09-24,Nolan N87 N-Com - Originality Flat Black / Red,209.99,Nolan
813,2021-09-24,Schuberth C4 Pro - Matt Black,374.99,Schuberth
814,2021-09-24,AGV AX8 Dual Evo Replica - Soleluna,224.99,AGV
815,2021-09-24,Nolan N87 N-Com - Emblema Flat Black / Red,199.99,Nolan
816,2021-09-24,HJC R-PHA 70 - Shuky Orange,279.99,HJC
817,2021-09-24,X-Lite X-903 Ultra Carbon - Modern Class Gloss Carbon,399.99,X-Lite
818,2021-09-24,AGV K5-S - Marble Black / White / Green,189.99,AGV
819,2021-09-24,HJC C70 - White,139.99,HJC
820,2021-09-24,MT Avenue SV - Solid Matt Black,79.99,MT
821,2021-09-24,Dexter Marty - Matt Black,79.99,Dexter
822,2021-09-24,Icon Airflite Mips - Stealth Black,257.99,Icon
823,2021-09-24,Roof Boxxer 9 - Mono Matt Black,287.97,Roof
824,2021-09-24,HJC CL-SP - Solid Matt Black,159.99,HJC
825,2021-09-24,MDS G240 - Matt Black,59.99,MDS
826,2021-09-24,MT Kre SV Intrepid - White / Fluo Red / Blue,119.99,MT
827,2021-09-24,LS2 Spitfire - Solid Matt Black,69.99,LS2
828,2021-09-24,Bell Qualifier DLX Mips - Accelerator Hi-vis,119.99,Bell
829,2021-09-24,Shoei Hornet ADV - Matt Black,459.99,Shoei
830,2021-09-24,MT Revenge - Zusa Gloss Green / Fluo Yellow,59.99,MT
831,2021-09-24,Caberg Duke II - Kito Matt Black / Grey,159.98,Caberg
832,2021-09-24,Arai RX-7V Replica - Hayden WSBK,789.99,Arai
833,2021-09-24,MT Thunder 3 SV - Solid Matt Black,89.98,MT
834,2021-09-24,AGV K6 - Minimal Gunmetal / Black / Yellow Fluo,359.99,AGV
835,2021-09-24,Shark Spartan - Lorenzo Austrian GP Replica Matt Red,308.81,Shark
836,2021-09-24,Shark Evo ES - Yari Matt Anthracite / Yellow / Silver,273.52,Shark
837,2021-09-24,HJC R-PHA 70 - Gloss White,349.99,HJC
838,2021-09-24,Caberg X-Trace - Savana White / Black / Blue / Red,143.99,Caberg
839,2021-09-24,Bell Bullitt DLX - Command Vintage White / Red / Blue,389.99,Bell
840,2021-09-24,Shark Spartan GT Carbon Skin - Shestter Carbon / Red / Anthracite,423.52,Shark
841,2021-09-24,HJC V90 - Pearl White,259.99,HJC
842,2021-09-24,Bell MX-9 Adventure Mips - Dash Black / Red / White,142.49,Bell
843,2021-09-24,LS2 Strobe - Solid Black,79.99,LS2
844,2021-09-24,Spada Intrepid - Mirage White / Blue / Black,64.99,Spada
845,2021-09-24,Nolan N70-2 X N-Com - Classic Flat Vulcan Grey,249.99,Nolan
846,2021-09-24,Caberg Flyon - Matt Black,159.99,Caberg
847,2021-09-24,Caberg Freeride - Rust,159.99,Caberg
848,2021-09-24,Bell SRT Modular - Hart Luck Skull Charcoal / White / Red,199.99,Bell
849,2021-09-24,Caberg Ghost - Matt Black,183.99,Caberg
850,2021-09-24,Shark Spartan GT Carbon Skin - Carbon / Anthracite,379.40,Shark
851,2021-09-24,Shark Evo-One 2 - Blank Matt Anthracite,285.93,Shark
852,2021-09-24,Shark Evo ES - Blank Black,247.05,Shark
853,2021-09-24,Spada Raze - Matt Grey,50.96,Spada
854,2021-09-24,Bell Broozer - Free Ride Matt Grey / Black,189.99,Bell
855,2021-09-24,HJC CS-15 - Naviya Pink,99.99,HJC
856,2021-09-24,HJC i70 - Varok Pink,179.99,HJC
857,2021-09-24,LS2 Valiant 2 - Solid Black,249.99,LS2
858,2021-09-24,Spada Orion - Pixel Matt Black / Red / White,92.98,Spada
859,2021-09-24,Nolan N87 N-Com - Venator Flat Black / Blue / Orange,209.99,Nolan
860,2021-09-24,MT Thunder 3 SV - Solid Fluo Yellow,99.99,MT
861,2021-09-24,Shark Skwal 2.2 - Noxxys Matt Black / Anthracite / Silver,202.93,Shark
862,2021-09-24,Nexx SX.60 - Jazzy Matt Titanium,129.99,Nexx
863,2021-09-24,Caberg Ghost - Legend,199.99,Caberg
864,2021-09-24,Shark Skwal - Flynn Black / White / Anthracite,149.98,Shark
865,2021-09-24,MT Targo - Doppler Matt Black / Pink,69.99,MT
866,2021-09-24,AGV K3 SV-S - Birdy,179.99,AGV
867,2021-09-24,AGV K1 - Warmup Matt Black / Red,143.99,AGV
868,2021-09-24,Arai Profile V - Gun Metallic Frost,379.99,Arai
869,2021-09-24,Shark Skwal 2 - Blank Matt Anthracite,185.28,Shark
870,2021-09-24,Shark Ridill 1.2 - Nelum White / Black / Violet,123.52,Shark
871,2021-09-24,HJC CLY - Vela Pink,99.99,HJC
872,2021-09-24,AGV K1 - Mir 2018,161.99,AGV
873,2021-09-24,Nolan N100-5 N-Com - Classic Matt Black,299.99,Nolan
874,2021-09-24,Spada Hellion - Matt Black,50.96,Spada
875,2021-09-24,Vemar Zephir - Lunar Blue / Fluo Yellow,89.99,Vemar
876,2021-09-24,Arai Debut - Blaze White / Black,399.99,Arai
877,2021-09-24,Shark Evo ES - Endless Yellow / Black / Silver,273.52,Shark
878,2021-09-24,Scorpion Exo-Tech - Matt Black,249.98,Scorpion
879,2021-09-24,HJC I90 - Hollen Red,209.99,HJC
880,2021-09-24,Shoei Ex-Zero - Black,359.99,Shoei
881,2021-09-24,MT Targo - Interact White / Black / Fluo Yellow,44.99,MT
882,2021-09-24,Scorpion Exo-1400 Air - Matt Black,184.99,Scorpion
883,2021-09-24,Spada Intrepid - Delta White / Red / Blue,84.94,Spada
884,2021-09-24,MT KRE Snake Carbon - Black / White,169.99,MT
885,2021-09-24,Icon Airform - Hello Sunshine,119.99,Icon
886,2021-09-24,Caberg Droid - Pure Matt Green / Black / Anthracite,183.98,Caberg
887,2021-09-24,Scorpion Exo Belfast - Luxe Matt Black,119.99,Scorpion
888,2021-09-24,Icon Airframe Pro Warbird - Blue / Green,263.99,Icon
889,2021-09-24,Bell Riot - Solid Matt Black,112.49,Bell
890,2021-09-24,HJC R-PHA 11 - Nectus Red,379.99,HJC
891,2021-09-24,Nexx X.G100 Racer Carbon - Carbon,322.99,Nexx
892,2021-09-24,Spada Reveal - Tracker Anthracite / Black,76.45,Spada
893,2021-09-24,Arai Chaser X - Diamond White,329.98,Arai
894,2021-09-24,Spada Lycan - White,63.70,Spada
895,2021-09-24,Bell Broozer - Arc Matt Black / Grey,199.99,Bell
896,2021-09-24,Bell SRT Modular - Presence Matt / Gloss Black / Grey,187.49,Bell
897,2021-09-24,Bell Qualifier DLX Mips - Gloss Fluo Yellow,169.99,Bell
898,2021-09-24,Nexx X.WST 2 - Plain Matt Black,289.99,Nexx
899,2021-09-24,Bell SRT Modular - Solid Gloss Black,249.99,Bell
900,2021-09-24,Bell Riot - Solid Gloss Black,149.99,Bell
901,2021-09-24,HJC FG-70S - Vintage Matt Black,159.99,HJC
902,2021-09-24,Shoei J-O - Off White,299.99,Shoei
903,2021-09-24,Shark Heritage - Blank Matt Black,142.19,Shark
904,2021-09-24,Shark Spartan 1.2 - Antheon Matt Black / White,264.70,Shark
905,2021-09-24,Arai Profile V - Patch Red,459.99,Arai
906,2021-09-24,Premier Vintage - OP Rust / Patina,279.95,Premier
907,2021-09-24,Vozz RS 1.0 - Stealth Black,399.00,Vozz
908,2021-09-24,LS2 Vortex - Solid Matt Carbon,299.99,LS2
909,2021-09-24,Icon Airframe Pro - Construct White,287.99,Icon
910,2021-09-24,Caberg Riviera V4 - Matt Blue,79.99,Caberg
911,2021-09-24,Bell Bullitt DLX - Reverb Black / Silver Flake,389.99,Bell
912,2021-09-24,Nolan N87 N-Com - Skilled Metal White / Black / Red,209.99,Nolan
913,2021-09-24,Shark Evojet - Dual Blank Matt Red / Black,247.05,Shark
914,2021-09-24,LS2 Pioneer Evo - Evolve White / Matt Black,119.99,LS2
915,2021-09-24,MT Atom SV - Divergence Fluo Yellow,119.98,MT
916,2021-09-24,MT Thunder 3 SV - Torn Fluo Yellow / Green,59.99,MT
917,2021-09-24,AGV RP60 - Gloss White,68.99,AGV
918,2021-09-24,LS2 Rapid - Solid White,49.99,LS2
919,2021-09-24,Spada Intrepid - Matt Black,76.45,Spada
920,2021-09-24,MT Targo - Solid Matt Red,53.99,MT
921,2021-09-24,Nexo Jet Travel 2.0 - Matt Black,49.99,Nexo
922,2021-09-24,Bell MX-9 Adventure Mips - Solid Hi Viz Yellow,129.99,Bell
923,2021-09-24,Bell Qualifier DLX Mips - Isle of Man 18 Gloss Black / Red,169.99,Bell
924,2021-09-24,HJC C70 - Black,139.99,HJC
925,2021-09-24,Shoei J-O - Carburettor TC-8,349.99,Shoei
926,2021-09-24,Spada Raze - Sandanista Black / White,59.46,Spada
927,2021-09-24,Simpson Venom Carbon,404.95,Simpson
928,2021-09-24,Spada Lycan - Matt Black,63.70,Spada
929,2021-09-24,HJC F70 - Mago Orange,199.99,HJC
930,2021-09-24,AGV Corsa-R - Mir Winter Test 2018,449.00,AGV
931,2021-09-24,Nexx SX.100 - Core Artic White,129.99,Nexx
932,2021-09-24,HJC CL-SP - Solid Gloss Black,159.99,HJC
933,2021-09-24,Scorpion ADX-1 - Tucson Matt Carbon Black,179.99,Scorpion
934,2021-09-24,Shark D-Skwal 2 - Zarco 2019 Matt Orange / White / Blue,167.64,Shark
935,2021-09-24,Caberg Riviera V3 - Sway Matt Anthracite / Black / Fluo Yellow,79.99,Caberg
936,2021-09-24,AGV Veloce-S - Predatore Matt Black / White,279.99,AGV
937,2021-09-24,HJC i70 - Tas Blue,179.99,HJC
938,2021-09-24,Shark Skwal 2.2 - Noxxys Matt Black / Red / Silver,202.93,Shark
939,2021-09-24,MT Thunder 3 SV - Fractal Matt Black / Blue / Fluo Yellow,89.99,MT
940,2021-09-24,Nexx X.WED 2 - Hill End Matt Black / Grey,359.99,Nexx
941,2021-09-24,Bell Star Mips - Solid Matt Black,322.49,Bell
942,2021-09-24,Icon Alliance GT - Primary White / Yellow,137.00,Icon
943,2021-09-24,Arai Profile V - Rock Multi,459.99,Arai
944,2021-09-24,Bell SRT - Phantom Hi-Viz / Black / White,99.99,Bell
945,2021-09-24,Bell SRT - Vestige Gloss White / Black,99.99,Bell
946,2021-09-24,Scorpion Exo Belfast - Byway Silver,127.49,Scorpion
947,2021-09-24,Nexo Comfort Flip - Gloss Silver,104.99,Nexo
948,2021-09-24,Arai Rapide - Number White,397.49,Arai
949,2021-09-24,Shark Spartan 1.2 - Kobrak Black / Yellow / Green,264.70,Shark
950,2021-09-24,Scorpion Exo-Tech - Pearl White,249.99,Scorpion
951,2021-09-24,Nexx SX.100 - Toxic Matt Black / Red,169.99,Nexx
952,2021-09-24,MT Rapide - Solid Gloss White,89.99,MT
953,2021-09-24,Nolan N100-5 Consistency N-Com - Flat Silver,239.99,Nolan
954,2021-09-24,Icon Alliance GT - Rubatone Black,135.99,Icon
955,2021-09-24,Scorpion Exo-220 - Gloss White,86.99,Scorpion
956,2021-09-24,Scorpion ADX-1 - Lontano White / Red / Blue,215.98,Scorpion
957,2021-09-24,HJC I30 - Grey,139.99,HJC
958,2021-09-24,Bell Race Star DLX Flex - Tantrum 2 Matt / Gloss Black / Red,649.99,Bell
959,2021-09-24,MT Streetfighter SV - Darkness Gloss Red,129.99,MT
